model,exp_num,max_depth,learning_rate,gamma,n_estimators,accuracy,precision,recall,f1_score,micro_avg_f1_score
xgb,0,3,0.1,0,50,0.9026548672566371,0.625,0.25510204081632654,0.36231884057971014,0.9026548672566371
xgb,1,4,0.1,0,50,0.8938053097345132,0.5192307692307693,0.2755102040816326,0.36,0.8938053097345132
