,mean_fit_time,std_fit_time,mean_score_time,std_score_time,param_max_depth,param_max_features,param_n_estimators,params,split0_test_score,split1_test_score,split2_test_score,split3_test_score,split4_test_score,mean_test_score,std_test_score,rank_test_score
0,0.1459686279296875,0.2092761751297437,0.012580776214599609,0.0014856487798803808,5,0.6250608573798908,64,"{'max_depth': 5, 'max_features': 0.6250608573798908, 'n_estimators': 64}",0.7836703271821578,0.7067465259246082,0.6767195767195767,0.4992967311094721,0.6273638642059695,0.6587594050283568,0.09449031100519588,1
