,mean_fit_time,std_fit_time,mean_score_time,std_score_time,param_max_depth,param_max_features,param_n_estimators,params,split0_test_score,split1_test_score,split2_test_score,split3_test_score,split4_test_score,mean_test_score,std_test_score,rank_test_score
0,0.18369712829589843,0.21347811838852523,0.02102818489074707,0.0016603607174975371,4,0.29886430050578483,98,"{'max_depth': 4, 'max_features': 0.29886430050578483, 'n_estimators': 98}",0.4711538461538462,0.467005076142132,0.4329004329004329,0.5435897435897435,0.5226130653266331,0.48745243282255757,0.040118142420545344,1
