,mean_fit_time,std_fit_time,mean_score_time,std_score_time,param_max_depth,param_max_features,param_n_estimators,params,split0_test_score,split1_test_score,split2_test_score,split3_test_score,split4_test_score,mean_test_score,std_test_score,rank_test_score
0,0.15580215454101562,0.20866894425636476,0.012952327728271484,0.0012554768591016999,5,0.320156187008486,74,"OrderedDict([('max_depth', 5), ('max_features', 0.320156187008486), ('n_estimators', 74)])",-0.40253490948048326,-0.4102352620627014,-0.4581293159450482,-0.35926734107794456,-0.5195121000608681,-0.42993578572540914,0.054684072556160396,1
1,0.054286956787109375,0.002084175924138103,0.015494966506958007,0.0010873441794159748,3,0.49842209687230055,90,"OrderedDict([('max_depth', 3), ('max_features', 0.49842209687230055), ('n_estimators', 90)])",-0.43639893264350826,-0.43422209674132334,-0.4866329260082057,-0.37125219040320073,-0.5208076263087237,-0.44986275442099233,0.05097204294595907,2
