,mean_fit_time,std_fit_time,mean_score_time,std_score_time,param_max_depth,param_max_features,param_n_estimators,params,split0_test_score,split1_test_score,split2_test_score,split3_test_score,split4_test_score,mean_test_score,std_test_score,rank_test_score
0,0.16016716957092286,0.21228331215686566,0.012471389770507813,0.0007290157669139171,4,0.7086188316224629,64,"{'max_depth': 4, 'max_features': 0.7086188316224629, 'n_estimators': 64}",0.47342995169082125,0.467005076142132,0.41964285714285715,0.5416666666666666,0.4818181818181818,0.47671254669213176,0.03900529474668523,1
1,0.12028021812438965,0.0033084505755261316,0.029299354553222655,0.005004504716688697,3,0.26433198209741965,147,"{'max_depth': 3, 'max_features': 0.26433198209741965, 'n_estimators': 147}",0.4694835680751174,0.44976076555023925,0.42608695652173917,0.5118483412322274,0.4928909952606635,0.47001412532799736,0.03037607292214468,2
