,mean_fit_time,std_fit_time,mean_score_time,std_score_time,param_max_depth,param_max_features,param_n_estimators,params,split0_test_score,split1_test_score,split2_test_score,split3_test_score,split4_test_score,mean_test_score,std_test_score,rank_test_score
0,0.18219032287597656,0.19046387083174246,0.02054176330566406,0.00246936160965214,5,0.22424945993540613,137,"{'max_depth': 5, 'max_features': 0.22424945993540613, 'n_estimators': 137}",-0.4143854211340188,-0.4222357325622981,-0.48972441288013596,-0.3591626139015469,-0.5261600286545179,-0.4423336418265036,0.058949465124731516,2
1,0.046753978729248045,0.0032680510257052115,0.009153366088867188,0.0007773435710971248,4,0.8260393085051716,71,"{'max_depth': 4, 'max_features': 0.8260393085051716, 'n_estimators': 71}",-0.41478572719079504,-0.4070464328552091,-0.45689235977713455,-0.36723079762034966,-0.5008778801303243,-0.42936663951476256,0.04570159797598111,1
