,mean_fit_time,std_fit_time,mean_score_time,std_score_time,param_max_depth,param_max_features,param_n_estimators,params,split0_test_score,split1_test_score,split2_test_score,split3_test_score,split4_test_score,mean_test_score,std_test_score,rank_test_score
0,0.19142498970031738,0.19572440040108913,0.027248430252075195,0.0021734338593175427,5,0.7715797549500616,148,"{'max_depth': 5, 'max_features': 0.7715797549500616, 'n_estimators': 148}",0.7954696033664609,0.6745696872279151,0.6480781372914337,0.48877170325728225,0.6273638642059695,0.6468505990698122,0.09821011482886262,2
1,0.07662253379821778,0.005472076518602933,0.021969032287597657,0.0031281010308397356,5,0.23460482937022747,123,"{'max_depth': 5, 'max_features': 0.23460482937022747, 'n_estimators': 123}",0.8327683615819209,0.745533216297834,0.6966966966966966,0.5396315100991065,0.6718421936675906,0.6972943956686297,0.09611028724631246,1
