,mean_fit_time,std_fit_time,mean_score_time,std_score_time,param_max_depth,param_max_features,param_n_estimators,params,split0_test_score,split1_test_score,split2_test_score,split3_test_score,split4_test_score,mean_test_score,std_test_score,rank_test_score
0,0.17196145057678222,0.2077409648786774,0.015523862838745118,0.0012041527261965768,4,0.5936321877243769,80,"OrderedDict([('max_depth', 4), ('max_features', 0.5936321877243769), ('n_estimators', 80)])",0.4811320754716981,0.45685279187817257,0.42152466367713004,0.542713567839196,0.4976525821596245,0.47997513620516424,0.04049948630233187,2
1,0.07356948852539062,0.004107293538345636,0.0187894344329834,0.001677526741774956,5,0.49338320099213,102,"OrderedDict([('max_depth', 5), ('max_features', 0.49338320099213), ('n_estimators', 102)])",0.4680851063829786,0.47567567567567576,0.4259259259259259,0.5730337078651686,0.5291005291005292,0.49436418899005563,0.051223340555099695,1
