,mean_fit_time,std_fit_time,mean_score_time,std_score_time,param_max_depth,param_max_features,param_n_estimators,params,split0_test_score,split1_test_score,split2_test_score,split3_test_score,split4_test_score,mean_test_score,std_test_score,rank_test_score
0,0.1539379119873047,0.20035928491962077,0.015085077285766602,0.0011715214612476323,3,0.7556472648754771,85,"OrderedDict([('max_depth', 3), ('max_features', 0.7556472648754771), ('n_estimators', 85)])",0.7583330806370642,0.6614216701173223,0.6649240408951841,0.4847451700323455,0.6665836568275593,0.647201523701895,0.08903286703087133,2
1,0.042213726043701175,0.0021806982747888956,0.013067340850830078,0.001741479360940626,4,0.7952086760537547,52,"OrderedDict([('max_depth', 4), ('max_features', 0.7952086760537547), ('n_estimators', 52)])",0.7833863962561419,0.6908653191370041,0.6648786209913116,0.4546601546601547,0.644779362996204,0.6477139708081633,0.1075565515975324,1
