,mean_fit_time,std_fit_time,mean_score_time,std_score_time,param_max_depth,param_max_features,param_n_estimators,params,split0_test_score,split1_test_score,split2_test_score,split3_test_score,split4_test_score,mean_test_score,std_test_score,rank_test_score
0,0.1743237018585205,0.19624057982312929,0.0166348934173584,0.0020358916668346523,4,0.38476575457467005,128,"{'max_depth': 4, 'max_features': 0.38476575457467005, 'n_estimators': 128}",-0.4227420343627382,-0.4150800105286054,-0.4721062176502599,-0.3615394307771184,-0.5106418920806519,-0.43642191707987477,0.05105286851410759,2
1,0.045837020874023436,0.004627251410266751,0.010095310211181641,0.0010505662418043302,3,0.8589922717217873,57,"{'max_depth': 3, 'max_features': 0.8589922717217873, 'n_estimators': 57}",-0.4433388312677348,-0.43835681936915005,-0.47540621675053796,-0.37997438772134556,-0.5218807910604136,-0.45179140923383637,0.046647185203211414,3
2,0.08694558143615723,0.004883807964663866,0.017970943450927736,0.002918192286448775,5,0.9041773102029282,147,"{'max_depth': 5, 'max_features': 0.9041773102029282, 'n_estimators': 147}",-0.39827533354430894,-0.4017623226138119,-0.45217053626075926,-0.3524923529864461,-0.4840668334482728,-0.4177534757707198,0.045773626926845404,1
