,mean_fit_time,std_fit_time,mean_score_time,std_score_time,param_max_depth,param_max_features,param_n_estimators,params,split0_test_score,split1_test_score,split2_test_score,split3_test_score,split4_test_score,mean_test_score,std_test_score,rank_test_score
0,0.17388029098510743,0.20156756556740332,0.019406747817993165,0.0030313035472722474,3,0.9659425521867357,119,"{'max_depth': 3, 'max_features': 0.9659425521867357, 'n_estimators': 119}",0.7583330806370642,0.6624055037195695,0.6436261843238588,0.4743295664190465,0.617680312759192,0.6312749295717461,0.09174104917023222,3
1,0.0635894775390625,0.0014082996299420658,0.019108057022094727,0.0016652453277328063,5,0.8817304640420083,94,"{'max_depth': 5, 'max_features': 0.8817304640420083, 'n_estimators': 94}",0.7952369662895978,0.6680024061698818,0.6211640211640211,0.4560810810810811,0.6180179129995532,0.631700477540827,0.10881398354325396,2
2,0.05604405403137207,0.004300330708895105,0.015103864669799804,0.003507051348200291,5,0.8132226988082174,96,"{'max_depth': 5, 'max_features': 0.8132226988082174, 'n_estimators': 96}",0.836352405693233,0.6810475708502023,0.6529166666666667,0.4950980392156863,0.6273638642059695,0.6585557093263514,0.10939898445225515,1
