,mean_fit_time,std_fit_time,mean_score_time,std_score_time,param_max_depth,param_max_features,param_n_estimators,params,split0_test_score,split1_test_score,split2_test_score,split3_test_score,split4_test_score,mean_test_score,std_test_score,rank_test_score
0,0.17124218940734864,0.20339742721689302,0.016365957260131837,0.0006329697333459633,4,0.36136544252783315,82,"OrderedDict([('max_depth', 4), ('max_features', 0.36136544252783315), ('n_estimators', 82)])",0.448780487804878,0.4705882352941176,0.41441441441441446,0.5454545454545454,0.5074626865671642,0.47734007390702393,0.04553642263777735,2
1,0.055305767059326175,0.0021568014072097367,0.015030193328857421,0.001647336897682346,4,0.3537393237815366,53,"OrderedDict([('max_depth', 4), ('max_features', 0.3537393237815366), ('n_estimators', 53)])",0.467005076142132,0.4723618090452261,0.43396226415094336,0.5482233502538071,0.5024630541871922,0.4848031107558602,0.03844567098607063,1
2,0.0990830898284912,0.00722324470591974,0.026595592498779297,0.0017930678159168247,3,0.6441868636742245,120,"OrderedDict([('max_depth', 3), ('max_features', 0.6441868636742245), ('n_estimators', 120)])",0.45945945945945943,0.45999999999999996,0.40329218106995884,0.5046728971962617,0.4595744680851064,0.4573998011621573,0.03218108936383314,3
