,mean_fit_time,std_fit_time,mean_score_time,std_score_time,param_max_depth,param_max_features,param_n_estimators,params,split0_test_score,split1_test_score,split2_test_score,split3_test_score,split4_test_score,mean_test_score,std_test_score,rank_test_score
0,0.1765760898590088,0.19270946280535645,0.017708826065063476,0.003180559340140108,3,0.5167601485171915,136,"OrderedDict([('max_depth', 3), ('max_features', 0.5167601485171915), ('n_estimators', 136)])",-0.43360594687786386,-0.43392284379439316,-0.4822578334744125,-0.3730040397453092,-0.524067504325298,-0.4493716336434554,0.050951362339045674,3
1,0.04718561172485351,0.00479805310944329,0.011443185806274413,0.0014896977363698441,5,0.39135173745311164,59,"OrderedDict([('max_depth', 5), ('max_features', 0.39135173745311164), ('n_estimators', 59)])",-0.4162777121120255,-0.40102884272893985,-0.4624231739874684,-0.35862750184285125,-0.5179075412134535,-0.4312529543769477,0.05457620575298409,2
2,0.06564421653747558,0.009804403164829755,0.01403670310974121,0.003529431119645851,4,0.7802912258741115,117,"OrderedDict([('max_depth', 4), ('max_features', 0.7802912258741115), ('n_estimators', 117)])",-0.4032992665088777,-0.42071573043380434,-0.46185092785769144,-0.3569217489108271,-0.49669119578800314,-0.42789577389984074,0.04812403968126657,1
