,mean_fit_time,std_fit_time,mean_score_time,std_score_time,param_max_depth,param_max_features,param_n_estimators,params,split0_test_score,split1_test_score,split2_test_score,split3_test_score,split4_test_score,mean_test_score,std_test_score,rank_test_score
0,0.18456101417541504,0.19777111354857582,0.02678256034851074,0.00536332214054667,4,0.567243265015057,144,"OrderedDict([('max_depth', 4), ('max_features', 0.567243265015057), ('n_estimators', 144)])",0.7587695133149678,0.674761041255671,0.7061962912709182,0.4648780330633853,0.6673772116810092,0.6543964181171904,0.10007737707436955,3
1,0.0409639835357666,0.002959582933817195,0.013883018493652343,0.0018970896470383604,4,0.3779395361138127,53,"OrderedDict([('max_depth', 4), ('max_features', 0.3779395361138127), ('n_estimators', 53)])",0.7764619883040935,0.7194187101069937,0.6650095861363466,0.5047610764424925,0.6258562764518522,0.6583015274883557,0.09205386139042859,2
2,0.043534469604492185,0.0034301108028219536,0.013098526000976562,0.002658249597558763,3,0.6533887958489668,67,"OrderedDict([('max_depth', 3), ('max_features', 0.6533887958489668), ('n_estimators', 67)])",0.7567529935950988,0.709393451422437,0.6781456523599956,0.5108885901886646,0.6610508873564966,0.6632463149845386,0.08284050169798533,1
