,mean_fit_time,std_fit_time,mean_score_time,std_score_time,param_max_depth,param_max_features,param_n_estimators,params,split0_test_score,split1_test_score,split2_test_score,split3_test_score,split4_test_score,mean_test_score,std_test_score,rank_test_score
0,0.19284305572509766,0.203323379995876,0.025161027908325195,0.0014719193889192817,5,0.4647496495374084,119,"{'max_depth': 5, 'max_features': 0.4647496495374084, 'n_estimators': 119}",0.46875,0.4787234042553191,0.4311926605504587,0.5561497326203209,0.5319148936170213,0.49334613820862394,0.044974858560828446,1
1,0.1191648006439209,0.011798698823386324,0.0309389591217041,0.002716545440110875,5,0.8036451472559003,147,"{'max_depth': 5, 'max_features': 0.8036451472559003, 'n_estimators': 147}",0.4666666666666667,0.47513812154696133,0.423076923076923,0.5280898876404494,0.5284974093264249,0.484293801651485,0.040035246140856455,2
2,0.059645462036132815,0.003196030918267793,0.012910890579223632,0.0013733472199992068,4,0.5275731942496309,69,"{'max_depth': 4, 'max_features': 0.5275731942496309, 'n_estimators': 69}",0.4761904761904761,0.45360824742268047,0.4107142857142857,0.5473684210526316,0.4927536231884058,0.47612701071369595,0.0450282269456322,3
