,mean_fit_time,std_fit_time,mean_score_time,std_score_time,param_max_depth,param_max_features,param_n_estimators,params,split0_test_score,split1_test_score,split2_test_score,split3_test_score,split4_test_score,mean_test_score,std_test_score,rank_test_score
0,0.16093044281005858,0.19978081792573207,0.0149139404296875,0.00293292103549145,3,0.2110887585702221,91,"{'max_depth': 3, 'max_features': 0.2110887585702221, 'n_estimators': 91}",-0.44803348933298986,-0.4498220725441418,-0.5334382784784859,-0.38970192148301686,-0.6024693403986497,-0.4846930204474568,0.07460640030645853,4
1,0.0895700454711914,0.0018803930681078585,0.0213162899017334,0.0011453989139982026,4,0.33407049630886887,150,"{'max_depth': 4, 'max_features': 0.33407049630886887, 'n_estimators': 150}",-0.41651193946063675,-0.415971452502265,-0.4828461540276474,-0.3604725187411744,-0.5273394589652294,-0.4406283047393906,0.05816473249521005,3
2,0.05341405868530273,0.0037561800136156997,0.01119980812072754,0.0012954488763302617,5,0.5233794156587919,96,"{'max_depth': 5, 'max_features': 0.5233794156587919, 'n_estimators': 96}",-0.40678631522422865,-0.40711641354835787,-0.45059360207810534,-0.35047746778762107,-0.4949343527180972,-0.421981630271282,0.048384836804860686,1
3,0.0864488124847412,0.002134235131407672,0.018559741973876952,0.0012756482051182471,4,0.8231078547766282,150,"{'max_depth': 4, 'max_features': 0.8231078547766282, 'n_estimators': 150}",-0.410164558890083,-0.4110767563884554,-0.455052976055756,-0.3643433703076185,-0.4968156998854601,-0.42749067230547466,0.044995183360913106,2
