,mean_fit_time,std_fit_time,mean_score_time,std_score_time,param_max_depth,param_max_features,param_n_estimators,params,split0_test_score,split1_test_score,split2_test_score,split3_test_score,split4_test_score,mean_test_score,std_test_score,rank_test_score
0,0.174254846572876,0.22450704309248715,0.015172529220581054,0.0028070678534719467,4,0.28317799131900695,66,"OrderedDict([('max_depth', 4), ('max_features', 0.28317799131900695), ('n_estimators', 66)])",0.4771573604060914,0.4771573604060914,0.4324324324324324,0.5376344086021505,0.5376344086021505,0.49240319408978317,0.04038090805247433,2
1,0.12074618339538574,0.011939422322156413,0.035410070419311525,0.004886101081412021,3,0.6767046880272642,144,"OrderedDict([('max_depth', 3), ('max_features', 0.6767046880272642), ('n_estimators', 144)])",0.4513274336283186,0.4554455445544554,0.4066390041493776,0.5142857142857142,0.456896551724138,0.45691884966840074,0.034212439491881866,4
2,0.08004112243652343,0.002798371981590907,0.02405085563659668,0.002975793526036712,4,0.7256307627637708,88,"OrderedDict([('max_depth', 4), ('max_features', 0.7256307627637708), ('n_estimators', 88)])",0.4927536231884058,0.4693877551020407,0.417391304347826,0.5333333333333334,0.4884792626728111,0.4802690557288834,0.03771234228330405,3
3,0.11141624450683593,0.014641990432334114,0.03639001846313476,0.007480490894070282,5,0.5299580881338504,138,"OrderedDict([('max_depth', 5), ('max_features', 0.5299580881338504), ('n_estimators', 138)])",0.4699453551912568,0.4919786096256684,0.41904761904761906,0.5591397849462366,0.5297297297297296,0.4939682197081021,0.048415641038444986,1
