,mean_fit_time,std_fit_time,mean_score_time,std_score_time,param_max_depth,param_max_features,param_n_estimators,params,split0_test_score,split1_test_score,split2_test_score,split3_test_score,split4_test_score,mean_test_score,std_test_score,rank_test_score
0,0.18107967376708983,0.23106248749194666,0.017065906524658205,0.0022791645716298704,3,0.314125363992566,72,"{'max_depth': 3, 'max_features': 0.314125363992566, 'n_estimators': 72}",0.46226415094339635,0.44660194174757273,0.42194092827004215,0.5346534653465347,0.5070422535211268,0.4745005479657346,0.040909439823677306,1
1,0.08030729293823242,0.0028314583965646394,0.02404475212097168,0.0032163204410596054,3,0.7846686663180145,88,"{'max_depth': 3, 'max_features': 0.7846686663180145, 'n_estimators': 88}",0.45945945945945943,0.44999999999999996,0.3904382470119522,0.5123152709359606,0.4491525423728813,0.4522731039560507,0.038717334517115856,4
2,0.07630434036254882,0.0043231805198626115,0.0210935115814209,0.003444934444313394,3,0.49093557029321433,80,"{'max_depth': 3, 'max_features': 0.49093557029321433, 'n_estimators': 80}",0.4347826086956521,0.4554455445544554,0.4206008583690987,0.4909090909090909,0.47058823529411764,0.454465267564483,0.024993073287053327,3
3,0.07937397956848144,0.0020193775573671443,0.02456507682800293,0.004124803489191046,3,0.2989845541137979,97,"{'max_depth': 3, 'max_features': 0.2989845541137979, 'n_estimators': 97}",0.46009389671361506,0.4585365853658536,0.40329218106995884,0.5167464114832535,0.488262910798122,0.4653863970861606,0.037661142048394984,2
