,mean_fit_time,std_fit_time,mean_score_time,std_score_time,param_max_depth,param_max_features,param_n_estimators,params,split0_test_score,split1_test_score,split2_test_score,split3_test_score,split4_test_score,mean_test_score,std_test_score,rank_test_score
0,0.16237149238586426,0.22778901547374153,0.01140580177307129,0.001470947870018447,3,0.314125363992566,72,"{'max_depth': 3, 'max_features': 0.314125363992566, 'n_estimators': 72}",-0.43959090554757224,-0.43897816391256805,-0.5048869596557696,-0.37300904034513555,-0.5596837198575133,-0.4632297578637118,0.06375798344208836,4
1,0.0618229866027832,0.0027837593230727923,0.01428990364074707,0.0010253543449090232,3,0.7846686663180145,88,"{'max_depth': 3, 'max_features': 0.7846686663180145, 'n_estimators': 88}",-0.4413754814349294,-0.43970854510245766,-0.47883506858122504,-0.37603582042390676,-0.5081938507621024,-0.44882975326092434,0.04441201252860801,1
2,0.05365400314331055,0.0016025283566655025,0.011370992660522461,0.001769995885775329,3,0.49093557029321433,80,"{'max_depth': 3, 'max_features': 0.49093557029321433, 'n_estimators': 80}",-0.4375174029896954,-0.43489286280425654,-0.4881293907756983,-0.3723363777274396,-0.5216119398622023,-0.45089759483185843,0.050977977669205976,2
3,0.06018276214599609,0.0029561909692945713,0.012569618225097657,0.0006961952724284139,3,0.2989845541137979,97,"{'max_depth': 3, 'max_features': 0.2989845541137979, 'n_estimators': 97}",-0.4394846560926511,-0.43618179802349527,-0.5067517835782323,-0.3739686093568036,-0.5542276820988222,-0.4621229058300009,0.062340416990392264,3
