,mean_fit_time,std_fit_time,mean_score_time,std_score_time,param_max_depth,param_max_features,param_n_estimators,params,split0_test_score,split1_test_score,split2_test_score,split3_test_score,split4_test_score,mean_test_score,std_test_score,rank_test_score
0,0.17728638648986816,0.2074433865534915,0.02074007987976074,0.0020931850731842234,5,0.23344498768274236,84,"OrderedDict([('max_depth', 5), ('max_features', 0.23344498768274236), ('n_estimators', 84)])",0.5079365079365079,0.4845360824742268,0.46464646464646475,0.5760869565217391,0.5454545454545454,0.5157321114066968,0.04042236354821572,1
1,0.11305146217346192,0.002197173429374503,0.031487560272216795,0.0027425385744186243,3,0.41954586845934305,138,"OrderedDict([('max_depth', 3), ('max_features', 0.41954586845934305), ('n_estimators', 138)])",0.4553571428571428,0.4615384615384615,0.40983606557377045,0.5118483412322274,0.4655172413793104,0.46081945051618256,0.03242121604351717,4
2,0.0757662296295166,0.0020553841311441545,0.020715713500976562,0.00265805248998317,3,0.2794736392835967,96,"OrderedDict([('max_depth', 3), ('max_features', 0.2794736392835967), ('n_estimators', 96)])",0.46511627906976755,0.4585365853658536,0.4170212765957447,0.5346534653465347,0.5046728971962617,0.47600010071483256,0.040408613134085086,3
3,0.11166567802429199,0.003068624450580134,0.03500866889953613,0.005065034784768504,4,0.21321926654356463,139,"OrderedDict([('max_depth', 4), ('max_features', 0.21321926654356463), ('n_estimators', 139)])",0.4631578947368421,0.4845360824742268,0.4372093023255814,0.5502645502645502,0.53475935828877,0.49398543761799407,0.042645066253003135,2
