,mean_fit_time,std_fit_time,mean_score_time,std_score_time,param_max_depth,param_max_features,param_n_estimators,params,split0_test_score,split1_test_score,split2_test_score,split3_test_score,split4_test_score,mean_test_score,std_test_score,rank_test_score
0,0.16375598907470704,0.22428201999549863,0.012210798263549805,0.0015133565879703423,3,0.314125363992566,72,"{'max_depth': 3, 'max_features': 0.314125363992566, 'n_estimators': 72}",0.7414469314639479,0.6959960877804267,0.5989380649931109,0.5253279242731574,0.6610508873564966,0.6445519791734279,0.07563378411093312,4
1,0.060918998718261716,0.00345876588762441,0.01780524253845215,0.0015601774776917517,3,0.7846686663180145,88,"{'max_depth': 3, 'max_features': 0.7846686663180145, 'n_estimators': 88}",0.7583330806370642,0.6614216701173223,0.6649240408951841,0.4847451700323455,0.6665836568275593,0.647201523701895,0.08903286703087133,3
2,0.05664253234863281,0.004609818912333424,0.012156295776367187,0.0017786628582541803,3,0.49093557029321433,80,"{'max_depth': 3, 'max_features': 0.49093557029321433, 'n_estimators': 80}",0.7623798965262379,0.6709861060226023,0.6711906109664515,0.4974457215836526,0.6582827171062465,0.6520570104410381,0.08583583702439582,2
3,0.05693440437316895,0.003909463354715772,0.016790199279785156,0.0026928738113191934,3,0.2989845541137979,97,"{'max_depth': 3, 'max_features': 0.2989845541137979, 'n_estimators': 97}",0.7481980385206192,0.7504011387163562,0.5991003887555612,0.5184397163120568,0.6610508873564966,0.6554380339322179,0.08899031760798622,1
