,mean_fit_time,std_fit_time,mean_score_time,std_score_time,param_max_depth,param_max_features,param_n_estimators,params,split0_test_score,split1_test_score,split2_test_score,split3_test_score,split4_test_score,mean_test_score,std_test_score,rank_test_score
0,0.1544170379638672,0.21850551926676126,0.010316753387451172,0.0013227846312651988,4,0.28317799131900695,66,"OrderedDict([('max_depth', 4), ('max_features', 0.28317799131900695), ('n_estimators', 66)])",-0.41756248578345573,-0.4176493536445034,-0.49135987988091306,-0.36549156132752625,-0.5322296567248134,-0.4448585874722424,0.05929691113366271,3
1,0.08642621040344238,0.0019380437870966118,0.020235633850097655,0.0020430157384533285,3,0.6767046880272642,144,"OrderedDict([('max_depth', 3), ('max_features', 0.6767046880272642), ('n_estimators', 144)])",-0.4413469370767668,-0.4366282551671074,-0.4735046399274676,-0.3741318610836675,-0.5135881695470557,-0.447839972560413,0.046004887506054186,4
2,0.0544644832611084,0.004761251714514925,0.010970306396484376,0.002178936914911221,4,0.7256307627637708,88,"OrderedDict([('max_depth', 4), ('max_features', 0.7256307627637708), ('n_estimators', 88)])",-0.4182244121459428,-0.4157387186354187,-0.4617677434388144,-0.3627634339691372,-0.4891202900564264,-0.4295229196491479,0.0432806298899067,2
3,0.08492436408996581,0.006579786510566037,0.018962955474853514,0.0013646851676996491,5,0.5299580881338504,138,"OrderedDict([('max_depth', 5), ('max_features', 0.5299580881338504), ('n_estimators', 138)])",-0.40781723323491176,-0.40810932849992554,-0.45041961508455125,-0.35007557148135104,-0.4927252809175529,-0.42182940584365847,0.047700774451071654,1
