,mean_fit_time,std_fit_time,mean_score_time,std_score_time,param_max_depth,param_max_features,param_n_estimators,params,split0_test_score,split1_test_score,split2_test_score,split3_test_score,split4_test_score,mean_test_score,std_test_score,rank_test_score
0,0.18316998481750488,0.20274265770969066,0.01835312843322754,0.0010470977088010316,5,0.6626448214355525,137,"OrderedDict([('max_depth', 5), ('max_features', 0.6626448214355525), ('n_estimators', 137)])",-0.39732104775453037,-0.4094490885893001,-0.45412554726458504,-0.34834758535797744,-0.49622779687319174,-0.4210942131679169,0.050455859145484484,1
1,0.0396761417388916,0.0029780168057921435,0.009295797348022461,0.00043687191204843295,4,0.6071575549262167,53,"OrderedDict([('max_depth', 4), ('max_features', 0.6071575549262167), ('n_estimators', 53)])",-0.42819497129092854,-0.40287614312016257,-0.4618805384230911,-0.3522708771768012,-0.5053964025264956,-0.4301237865074958,0.05192627062312247,2
2,0.06942367553710938,0.0075089539805297785,0.017725181579589844,0.003354956187410814,3,0.3328811042813044,120,"OrderedDict([('max_depth', 3), ('max_features', 0.3328811042813044), ('n_estimators', 120)])",-0.43483707761893414,-0.43729632016762077,-0.5090190380011012,-0.37593573987046464,-0.5529429930971286,-0.4620062337510499,0.06202672126575763,4
3,0.04464712142944336,0.000877932895441481,0.009523916244506835,0.000823690243390466,4,0.5109453298013749,70,"OrderedDict([('max_depth', 4), ('max_features', 0.5109453298013749), ('n_estimators', 70)])",-0.41955153911671106,-0.41872102213357304,-0.4669817859981271,-0.36067446873925757,-0.5056685800805261,-0.434319479213639,0.04907649532057909,3
