,mean_fit_time,std_fit_time,mean_score_time,std_score_time,param_max_depth,param_max_features,param_n_estimators,params,split0_test_score,split1_test_score,split2_test_score,split3_test_score,split4_test_score,mean_test_score,std_test_score,rank_test_score
0,0.18943963050842286,0.2067294537015965,0.024670219421386717,0.002531903280117007,5,0.4375728048455897,135,"{'max_depth': 5, 'max_features': 0.4375728048455897, 'n_estimators': 135}",0.8092862977920449,0.7303476718556275,0.7183282793902263,0.5467045993361783,0.6282580614857088,0.6865849819719572,0.09049527497119497,1
1,0.06349720954895019,0.004611496117722001,0.018111228942871094,0.0017223435712768551,3,0.9246657579575344,104,"{'max_depth': 3, 'max_features': 0.9246657579575344, 'n_estimators': 104}",0.7583330806370642,0.6624055037195695,0.6436261843238588,0.47258540811528976,0.617680312759192,0.6309260979109947,0.09233851775026876,4
2,0.048327064514160155,0.009415505638213932,0.013982677459716797,0.0033870729787576323,5,0.42011720548725695,67,"{'max_depth': 5, 'max_features': 0.42011720548725695, 'n_estimators': 67}",0.7818618618618619,0.7372538948810136,0.6898359898359899,0.5214460393407762,0.6576896044981151,0.6776174780835513,0.08872353037591585,2
3,0.06774396896362304,0.0042144242673443025,0.01901106834411621,0.0025170790265460334,5,0.8291436954952582,109,"{'max_depth': 5, 'max_features': 0.8291436954952582, 'n_estimators': 109}",0.8290208016235413,0.6980423579688285,0.6529166666666667,0.4950980392156863,0.6282580614857088,0.6606671853920864,0.10794758695017079,3
