,mean_fit_time,std_fit_time,mean_score_time,std_score_time,param_max_depth,param_max_features,param_n_estimators,params,split0_test_score,split1_test_score,split2_test_score,split3_test_score,split4_test_score,mean_test_score,std_test_score,rank_test_score
0,0.16497411727905273,0.2363002686742974,0.012366247177124024,0.00099934465677667,4,0.28317799131900695,66,"OrderedDict([('max_depth', 4), ('max_features', 0.28317799131900695), ('n_estimators', 66)])",0.7829514658782951,0.7491649033151009,0.6660545895421857,0.5097501329080276,0.6735911664243757,0.676302451613597,0.09437689730246411,1
1,0.09407973289489746,0.003011529840019478,0.024880123138427735,0.0026546068812938815,3,0.6767046880272642,144,"OrderedDict([('max_depth', 3), ('max_features', 0.6767046880272642), ('n_estimators', 144)])",0.7583330806370642,0.7037935885163163,0.6523454245429828,0.4847451700323455,0.6361500104755918,0.6470734548408601,0.09175343617182784,5
2,0.058630514144897464,0.005606329454948519,0.01633009910583496,0.00348602324734632,4,0.7256307627637708,88,"OrderedDict([('max_depth', 4), ('max_features', 0.7256307627637708), ('n_estimators', 88)])",0.7792114695340503,0.6874044785259739,0.6772882308093576,0.4974406728303365,0.6505105405770499,0.6583710784553537,0.09139319515069645,3
3,0.08634381294250489,0.001932572702566194,0.025465106964111327,0.002788814398304896,5,0.5299580881338504,138,"OrderedDict([('max_depth', 5), ('max_features', 0.5299580881338504), ('n_estimators', 138)])",0.8123754006106947,0.7094328998810132,0.6662213840431661,0.49299032636976275,0.6569034150429499,0.6675846851895174,0.10326157329682975,2
4,0.06737675666809081,0.007188814300583084,0.017790889739990233,0.004214572248311421,3,0.27317949397928276,102,"OrderedDict([('max_depth', 3), ('max_features', 0.27317949397928276), ('n_estimators', 102)])",0.7481980385206192,0.732102866986588,0.6178736517719569,0.5184397163120568,0.6610508873564966,0.6555330321895434,0.08329825438332945,4
