,mean_fit_time,std_fit_time,mean_score_time,std_score_time,param_max_depth,param_max_features,param_n_estimators,params,split0_test_score,split1_test_score,split2_test_score,split3_test_score,split4_test_score,mean_test_score,std_test_score,rank_test_score
0,0.1676563262939453,0.23175912295059398,0.015043306350708007,0.0007276091524609434,3,0.314125363992566,72,"{'max_depth': 3, 'max_features': 0.314125363992566, 'n_estimators': 72}",0.7414469314639479,0.6959960877804267,0.5989380649931109,0.5253279242731574,0.6610508873564966,0.6445519791734279,0.07563378411093312,5
1,0.0621910572052002,0.006026335524349657,0.017533016204833985,0.001996615020016492,3,0.7846686663180145,88,"{'max_depth': 3, 'max_features': 0.7846686663180145, 'n_estimators': 88}",0.7583330806370642,0.6614216701173223,0.6649240408951841,0.4847451700323455,0.6665836568275593,0.647201523701895,0.08903286703087133,4
2,0.055164241790771486,0.005419957489581173,0.01385636329650879,0.0029313327525401552,3,0.49093557029321433,80,"{'max_depth': 3, 'max_features': 0.49093557029321433, 'n_estimators': 80}",0.7623798965262379,0.6709861060226023,0.6711906109664515,0.4974457215836526,0.6582827171062465,0.6520570104410381,0.08583583702439582,3
3,0.06243319511413574,0.0016481322748671716,0.017005348205566408,0.0035135698991464372,3,0.2989845541137979,97,"{'max_depth': 3, 'max_features': 0.2989845541137979, 'n_estimators': 97}",0.7481980385206192,0.7504011387163562,0.5991003887555612,0.5184397163120568,0.6610508873564966,0.6554380339322179,0.08899031760798622,2
4,0.05999565124511719,0.005340251293263335,0.01742520332336426,0.002081215975364176,4,0.704725128844631,87,"{'max_depth': 4, 'max_features': 0.704725128844631, 'n_estimators': 87}",0.7792114695340503,0.6939783047764269,0.6772882308093576,0.502748106196382,0.644779362996204,0.6596010948624842,0.09013746486067507,1
