,mean_fit_time,std_fit_time,mean_score_time,std_score_time,param_max_depth,param_max_features,param_n_estimators,params,split0_test_score,split1_test_score,split2_test_score,split3_test_score,split4_test_score,mean_test_score,std_test_score,rank_test_score
0,0.1868825912475586,0.23810534424934818,0.017896413803100586,0.0018312014145972304,3,0.314125363992566,72,"{'max_depth': 3, 'max_features': 0.314125363992566, 'n_estimators': 72}",0.46226415094339635,0.44660194174757273,0.42194092827004215,0.5346534653465347,0.5070422535211268,0.4745005479657346,0.040909439823677306,1
1,0.07767333984375,0.0021913024787981886,0.023054885864257812,0.0035926567302263933,3,0.7846686663180145,88,"{'max_depth': 3, 'max_features': 0.7846686663180145, 'n_estimators': 88}",0.45945945945945943,0.44999999999999996,0.3904382470119522,0.5123152709359606,0.4491525423728813,0.4522731039560507,0.038717334517115856,5
2,0.07580113410949707,0.0017882361195125241,0.021178054809570312,0.005143043102635785,3,0.49093557029321433,80,"{'max_depth': 3, 'max_features': 0.49093557029321433, 'n_estimators': 80}",0.4347826086956521,0.4554455445544554,0.4206008583690987,0.4909090909090909,0.47058823529411764,0.454465267564483,0.024993073287053327,4
3,0.0791386604309082,0.0019253735804700036,0.025291061401367186,0.0019088347939339371,3,0.2989845541137979,97,"{'max_depth': 3, 'max_features': 0.2989845541137979, 'n_estimators': 97}",0.46009389671361506,0.4585365853658536,0.40329218106995884,0.5167464114832535,0.488262910798122,0.4653863970861606,0.037661142048394984,3
4,0.0805119514465332,0.002905804200623394,0.02061600685119629,0.00196176979591864,4,0.704725128844631,87,"{'max_depth': 4, 'max_features': 0.704725128844631, 'n_estimators': 87}",0.47342995169082125,0.45999999999999996,0.4224137931034482,0.5360824742268041,0.46788990825688076,0.4719632254555909,0.03668320125495051,2
