,mean_fit_time,std_fit_time,mean_score_time,std_score_time,param_max_depth,param_max_features,param_n_estimators,params,split0_test_score,split1_test_score,split2_test_score,split3_test_score,split4_test_score,mean_test_score,std_test_score,rank_test_score
0,0.16960206031799316,0.2001528154919531,0.015372133255004883,0.0017699406920748176,4,0.7046553890339948,126,"OrderedDict([('max_depth', 4), ('max_features', 0.7046553890339948), ('n_estimators', 126)])",-0.41681065623315067,-0.4151297047566349,-0.4587199906911223,-0.36210955361710934,-0.49359789645678126,-0.42927356035095965,0.04443217056570668,1
1,0.06459102630615235,0.002420899963340256,0.015722084045410156,0.001499432859976422,3,0.42427375104751475,114,"OrderedDict([('max_depth', 3), ('max_features', 0.42427375104751475), ('n_estimators', 114)])",-0.4406397064055125,-0.4336006494305349,-0.4952215758758951,-0.3709025215031185,-0.5377264675209813,-0.45561818414720845,0.056914091335431606,4
2,0.08678593635559081,0.0038323204051405432,0.022767305374145508,0.002918230988594505,3,0.2503955061307306,149,"OrderedDict([('max_depth', 3), ('max_features', 0.2503955061307306), ('n_estimators', 149)])",-0.44496346724114294,-0.45055348853266325,-0.5311897101397012,-0.39109929305176233,-0.5988596007407885,-0.4833331119412116,0.07306221225454089,5
3,0.06979622840881347,0.002599984960278257,0.01833653450012207,0.0021959142898466963,4,0.378208631629234,123,"OrderedDict([('max_depth', 4), ('max_features', 0.378208631629234), ('n_estimators', 123)])",-0.42281635349827135,-0.41496115534566136,-0.46998790495348414,-0.36088611491148,-0.5121989660759804,-0.4361700989569754,0.05141955405964346,2
4,0.06061420440673828,0.003555958003168029,0.013190984725952148,0.002780621938256496,3,0.6297861289725242,108,"OrderedDict([('max_depth', 3), ('max_features', 0.6297861289725242), ('n_estimators', 108)])",-0.4321998524714143,-0.4322369176726457,-0.47358455042603603,-0.36621875990031677,-0.5172183967296274,-0.4442916954400081,0.05012641760868265,3
