,mean_fit_time,std_fit_time,mean_score_time,std_score_time,param_max_depth,param_max_features,param_n_estimators,params,split0_test_score,split1_test_score,split2_test_score,split3_test_score,split4_test_score,mean_test_score,std_test_score,rank_test_score
0,0.17213358879089355,0.199442316091662,0.01982588768005371,0.00386951555058687,3,0.6761131821173776,123,"{'max_depth': 3, 'max_features': 0.6761131821173776, 'n_estimators': 123}",0.7118758434547908,0.6624055037195695,0.6524216524216525,0.4639566395663957,0.6732371469213575,0.6327793572167533,0.08678447464306174,5
1,0.05535416603088379,0.0027691101678912174,0.014989328384399415,0.002662065035549158,5,0.7218323747523607,82,"{'max_depth': 5, 'max_features': 0.7218323747523607, 'n_estimators': 82}",0.836352405693233,0.6875992063492063,0.6529166666666667,0.501364536540598,0.6273638642059695,0.6611193358911346,0.10782960990225976,2
2,0.04744243621826172,0.0014722987751793091,0.011021566390991212,0.0019855636077229974,3,0.21180729030794404,70,"{'max_depth': 3, 'max_features': 0.21180729030794404, 'n_estimators': 70}",0.7481980385206192,0.7108225108225108,0.6045995670995671,0.5181720285368153,0.6610508873564966,0.6485686064672018,0.08110970796869348,4
3,0.09414963722229004,0.0021344955266466097,0.028299951553344728,0.0035751669160164665,5,0.3640028500336973,147,"{'max_depth': 5, 'max_features': 0.3640028500336973, 'n_estimators': 147}",0.8092862977920449,0.7239327045744487,0.7119799354873982,0.5458400400089096,0.6282580614857088,0.683859407869702,0.08974340479643204,1
4,0.0665255069732666,0.006004253482573274,0.018914318084716795,0.004701741880347805,4,0.8009010874796463,92,"{'max_depth': 4, 'max_features': 0.8009010874796463, 'n_estimators': 92}",0.7722870272180983,0.6874044785259739,0.6772882308093576,0.4991956241956242,0.644779362996204,0.6561909447490517,0.08907910575257083,3
