,mean_fit_time,std_fit_time,mean_score_time,std_score_time,param_max_depth,param_max_features,param_n_estimators,params,split0_test_score,split1_test_score,split2_test_score,split3_test_score,split4_test_score,mean_test_score,std_test_score,rank_test_score
0,0.19891643524169922,0.20343163141657256,0.025240516662597655,0.0010965998992358396,3,0.5067020110125786,119,"{'max_depth': 3, 'max_features': 0.5067020110125786, 'n_estimators': 119}",0.4377682403433476,0.4554455445544554,0.4188034188034188,0.5070422535211268,0.46846846846846846,0.4575055851381634,0.029885550191207002,5
1,0.06263322830200195,0.0027948322161360064,0.014339590072631836,0.0014963297086470764,4,0.46995363513411237,55,"{'max_depth': 4, 'max_features': 0.46995363513411237, 'n_estimators': 55}",0.47342995169082125,0.46766169154228854,0.42666666666666664,0.5510204081632654,0.5025125628140703,0.4842582561754224,0.0412307990868081,3
2,0.11350302696228028,0.01167048364265962,0.027384042739868164,0.0024302807321000706,5,0.8212363592887655,136,"{'max_depth': 5, 'max_features': 0.8212363592887655, 'n_estimators': 136}",0.4812834224598931,0.47513812154696133,0.4245283018867924,0.5333333333333334,0.5306122448979592,0.48897908482498786,0.04026243480826596,2
3,0.09044117927551269,0.008260179663150187,0.025031137466430663,0.0034198070436442657,4,0.2686084916008195,106,"{'max_depth': 4, 'max_features': 0.2686084916008195, 'n_estimators': 106}",0.467005076142132,0.4816753926701571,0.4454976303317535,0.5492227979274612,0.5463917525773195,0.49795852992976464,0.04230651268161491,1
4,0.07179150581359864,0.003794385716504086,0.016741323471069335,0.002528924151192938,4,0.837626687983936,82,"{'max_depth': 4, 'max_features': 0.837626687983936, 'n_estimators': 82}",0.4784688995215311,0.44897959183673464,0.41841004184100417,0.5306122448979592,0.4840182648401826,0.47209780858748235,0.03747920911026302,4
