,mean_fit_time,std_fit_time,mean_score_time,std_score_time,param_max_depth,param_max_features,param_n_estimators,params,split0_test_score,split1_test_score,split2_test_score,split3_test_score,split4_test_score,mean_test_score,std_test_score,rank_test_score
0,0.1605834484100342,0.22743318384769448,0.010442638397216797,0.002075924566621945,4,0.28317799131900695,66,"OrderedDict([('max_depth', 4), ('max_features', 0.28317799131900695), ('n_estimators', 66)])",-0.41756248578345573,-0.41764935364450334,-0.49135987988091295,-0.3654915613275264,-0.5322296567248135,-0.4448585874722424,0.059296911133662686,3
1,0.086818265914917,0.003055005395959706,0.02080531120300293,0.001053876048394829,3,0.6767046880272642,144,"OrderedDict([('max_depth', 3), ('max_features', 0.6767046880272642), ('n_estimators', 144)])",-0.4413469370767669,-0.4366282551671073,-0.4735046399274676,-0.37413186108366764,-0.5135881695470556,-0.447839972560413,0.04600488750605412,4
2,0.05756711959838867,0.007411065202302462,0.011575984954833984,0.001046468346161063,4,0.7256307627637708,88,"OrderedDict([('max_depth', 4), ('max_features', 0.7256307627637708), ('n_estimators', 88)])",-0.4182244121459428,-0.4157387186354189,-0.4617677434388144,-0.3627634339691372,-0.4891202900564265,-0.429522919649148,0.04328062988990671,2
3,0.08359122276306152,0.004050683565174215,0.019810962677001952,0.0016321416502445415,5,0.5299580881338504,138,"OrderedDict([('max_depth', 5), ('max_features', 0.5299580881338504), ('n_estimators', 138)])",-0.40781723323491176,-0.40810932849992554,-0.45041961508455125,-0.3500755714813511,-0.4927252809175529,-0.42182940584365847,0.04770077445107164,1
4,0.06347050666809081,0.008884940965478458,0.01360940933227539,0.002490840119357266,3,0.27317949397928276,102,"OrderedDict([('max_depth', 3), ('max_features', 0.27317949397928276), ('n_estimators', 102)])",-0.4379310584031686,-0.4353144735154631,-0.506221117907601,-0.3746240129082392,-0.5521607318071925,-0.46125027890833287,0.06165654679600236,5
