,mean_fit_time,std_fit_time,mean_score_time,std_score_time,param_max_depth,param_max_features,param_n_estimators,params,split0_test_score,split1_test_score,split2_test_score,split3_test_score,split4_test_score,mean_test_score,std_test_score,rank_test_score
0,0.1925894260406494,0.20804889993402043,0.025334787368774415,0.004237507943455466,3,0.4143220888168947,114,"OrderedDict([('max_depth', 3), ('max_features', 0.4143220888168947), ('n_estimators', 114)])",0.4533333333333333,0.46445497630331756,0.411522633744856,0.5094339622641509,0.4588744588744589,0.4595238729040233,0.031171128565530348,5
1,0.10127091407775879,0.006802747535443201,0.031668663024902344,0.007081563301882342,4,0.24696314428374794,127,"OrderedDict([('max_depth', 4), ('max_features', 0.24696314428374794), ('n_estimators', 127)])",0.4752475247524752,0.4873096446700508,0.4351851851851851,0.5482233502538071,0.5360824742268041,0.49640963581766445,0.04132232628974026,1
2,0.0583193302154541,0.0018943022559597376,0.015478515625,0.0011298032815049732,4,0.2321930137472651,66,"OrderedDict([('max_depth', 4), ('max_features', 0.2321930137472651), ('n_estimators', 66)])",0.48275862068965514,0.46391752577319584,0.4271844660194175,0.5595854922279793,0.5376344086021505,0.49421610266247973,0.04837525059068503,2
3,0.09212751388549804,0.010331253930338596,0.024690008163452147,0.0016244392131583732,4,0.3530122640136922,113,"OrderedDict([('max_depth', 4), ('max_features', 0.3530122640136922), ('n_estimators', 113)])",0.46078431372549017,0.4824120603015075,0.41964285714285715,0.54,0.5177664974619289,0.4841211457263568,0.04233068496452329,3
4,0.07599549293518067,0.003410494002013741,0.027285289764404298,0.011587393515040017,3,0.28521692697357953,86,"OrderedDict([('max_depth', 3), ('max_features', 0.28521692697357953), ('n_estimators', 86)])",0.46511627906976755,0.4585365853658536,0.4170212765957447,0.5320197044334976,0.4951456310679612,0.47356789530656496,0.038411203714475574,4
