,mean_fit_time,std_fit_time,mean_score_time,std_score_time,param_max_depth,param_max_features,param_n_estimators,params,split0_test_score,split1_test_score,split2_test_score,split3_test_score,split4_test_score,mean_test_score,std_test_score,rank_test_score
0,0.17626953125,0.22849577738898877,0.017036914825439453,0.0034946650620618458,4,0.28317799131900695,66,"OrderedDict([('max_depth', 4), ('max_features', 0.28317799131900695), ('n_estimators', 66)])",0.4771573604060914,0.4771573604060914,0.4324324324324324,0.5376344086021505,0.5376344086021505,0.49240319408978317,0.04038090805247433,2
1,0.12185516357421874,0.00918557783446594,0.03555879592895508,0.004242507587015989,3,0.6767046880272642,144,"OrderedDict([('max_depth', 3), ('max_features', 0.6767046880272642), ('n_estimators', 144)])",0.4513274336283186,0.4554455445544554,0.4066390041493776,0.5142857142857142,0.456896551724138,0.45691884966840074,0.034212439491881866,5
2,0.0744260311126709,0.0015057263297942995,0.022597742080688477,0.0024230249863242716,4,0.7256307627637708,88,"OrderedDict([('max_depth', 4), ('max_features', 0.7256307627637708), ('n_estimators', 88)])",0.4927536231884058,0.4693877551020407,0.417391304347826,0.5333333333333334,0.4884792626728111,0.4802690557288834,0.03771234228330405,3
3,0.11399779319763184,0.012868209707102297,0.034027099609375,0.00476791763529074,5,0.5299580881338504,138,"OrderedDict([('max_depth', 5), ('max_features', 0.5299580881338504), ('n_estimators', 138)])",0.4699453551912568,0.4919786096256684,0.41904761904761906,0.5591397849462366,0.5297297297297296,0.4939682197081021,0.048415641038444986,1
4,0.0855778694152832,0.014636926144742872,0.024203920364379884,0.0037068715537117145,3,0.27317949397928276,102,"OrderedDict([('max_depth', 3), ('max_features', 0.27317949397928276), ('n_estimators', 102)])",0.4716981132075471,0.4509803921568628,0.42608695652173917,0.5294117647058824,0.5118483412322274,0.47800511356485176,0.03808836224339714,4
