,mean_fit_time,std_fit_time,mean_score_time,std_score_time,param_max_depth,param_max_features,param_n_estimators,params,split0_test_score,split1_test_score,split2_test_score,split3_test_score,split4_test_score,mean_test_score,std_test_score,rank_test_score
0,0.17211203575134276,0.2443702498291476,0.011145544052124024,0.0018235898242923525,3,0.314125363992566,72,"{'max_depth': 3, 'max_features': 0.314125363992566, 'n_estimators': 72}",-0.43959090554757224,-0.438978163912568,-0.5048869596557698,-0.3730090403451356,-0.5596837198575133,-0.4632297578637118,0.06375798344208838,5
1,0.05963144302368164,0.003171122316276029,0.014028358459472656,0.0012311879689026189,3,0.7846686663180145,88,"{'max_depth': 3, 'max_features': 0.7846686663180145, 'n_estimators': 88}",-0.44137548143492933,-0.43970854510245766,-0.478835068581225,-0.37603582042390676,-0.5081938507621024,-0.4488297532609242,0.04441201252860801,2
2,0.0551753044128418,0.004601480758251404,0.011194372177124023,0.001803116777714115,3,0.49093557029321433,80,"{'max_depth': 3, 'max_features': 0.49093557029321433, 'n_estimators': 80}",-0.43751740298969555,-0.4348928628042567,-0.4881293907756983,-0.3723363777274397,-0.5216119398622023,-0.4508975948318586,0.05097797766920592,3
3,0.06251983642578125,0.0017674779796193058,0.013601207733154297,0.002249095765285822,3,0.2989845541137979,97,"{'max_depth': 3, 'max_features': 0.2989845541137979, 'n_estimators': 97}",-0.4394846560926509,-0.4361817980234954,-0.5067517835782324,-0.3739686093568038,-0.5542276820988223,-0.462122905830001,0.06234041699039226,4
4,0.06060748100280762,0.0026383953254147563,0.013716459274291992,0.0016335439804424812,4,0.704725128844631,87,"{'max_depth': 4, 'max_features': 0.704725128844631, 'n_estimators': 87}",-0.4180957930761324,-0.41626880281472256,-0.46181803765185697,-0.36293564669836614,-0.48973701626008553,-0.42977105930023274,0.04337861216047894,1
