,mean_fit_time,std_fit_time,mean_score_time,std_score_time,param_max_depth,param_max_features,param_n_estimators,params,split0_test_score,split1_test_score,split2_test_score,split3_test_score,split4_test_score,mean_test_score,std_test_score,rank_test_score
0,0.16382665634155275,0.2069444363910483,0.011275959014892579,0.0009283714235536024,5,0.9289499334877591,104,"{'max_depth': 5, 'max_features': 0.9289499334877591, 'n_estimators': 104}",-0.4027176567867441,-0.41191371329193194,-0.4478341509278314,-0.3560565203527493,-0.48046177658642036,-0.4197967635891354,0.04214972329619784,1
1,0.05408854484558105,0.0022102983216548736,0.011925697326660156,0.0016797683083203767,5,0.6681132972630472,100,"{'max_depth': 5, 'max_features': 0.6681132972630472, 'n_estimators': 100}",-0.3980555705710374,-0.4072919414787992,-0.45026797687619863,-0.3513853851461561,-0.5027020444097832,-0.42194058369639487,0.051162422448911844,3
2,0.08952622413635254,0.005010977316635128,0.01965465545654297,0.0021173647969726,5,0.7002453233474772,143,"{'max_depth': 5, 'max_features': 0.7002453233474772, 'n_estimators': 143}",-0.3969461038912317,-0.40875824760752133,-0.45430600841480545,-0.34844298628403875,-0.49723182845403663,-0.4211370349303268,0.050820190145532664,2
3,0.0520599365234375,0.004141051583883608,0.012502288818359375,0.0017917453937252444,4,0.47810935210738026,82,"{'max_depth': 4, 'max_features': 0.47810935210738026, 'n_estimators': 82}",-0.4233426243535418,-0.41838279946367635,-0.4685583287567192,-0.3576180942770702,-0.49978011937523253,-0.43353639324524806,0.04839813976898301,5
4,0.043647050857543945,0.002534580842525553,0.00890970230102539,0.0006343253615093968,5,0.639027233987593,71,"{'max_depth': 5, 'max_features': 0.639027233987593, 'n_estimators': 71}",-0.3990945619711545,-0.4039269717915146,-0.44885381865328694,-0.35386740843065967,-0.5143857196596977,-0.4240256961012626,0.05427536277852606,4
