,mean_fit_time,std_fit_time,mean_score_time,std_score_time,param_max_depth,param_max_features,param_n_estimators,params,split0_test_score,split1_test_score,split2_test_score,split3_test_score,split4_test_score,mean_test_score,std_test_score,rank_test_score
0,0.18386273384094237,0.23191519331185365,0.017752981185913085,0.0017544562176612624,3,0.314125363992566,72,"{'max_depth': 3, 'max_features': 0.314125363992566, 'n_estimators': 72}",0.46226415094339635,0.44660194174757273,0.42194092827004215,0.5346534653465347,0.5070422535211268,0.4745005479657346,0.040909439823677306,1
1,0.07950439453125,0.002326615996208451,0.024304628372192383,0.0025634536651670116,3,0.7846686663180145,88,"{'max_depth': 3, 'max_features': 0.7846686663180145, 'n_estimators': 88}",0.45945945945945943,0.44999999999999996,0.3904382470119522,0.5123152709359606,0.4491525423728813,0.4522731039560507,0.038717334517115856,6
2,0.0758591651916504,0.004009013546314514,0.018335771560668946,0.001299359464900127,3,0.49093557029321433,80,"{'max_depth': 3, 'max_features': 0.49093557029321433, 'n_estimators': 80}",0.4347826086956521,0.4554455445544554,0.4206008583690987,0.4909090909090909,0.47058823529411764,0.454465267564483,0.024993073287053327,5
3,0.08113260269165039,0.0031420991289716946,0.023191308975219725,0.001597995197617362,3,0.2989845541137979,97,"{'max_depth': 3, 'max_features': 0.2989845541137979, 'n_estimators': 97}",0.46009389671361506,0.4585365853658536,0.40329218106995884,0.5167464114832535,0.488262910798122,0.4653863970861606,0.037661142048394984,4
4,0.0835179328918457,0.0050090564289947915,0.019574975967407225,0.004814304785754389,4,0.704725128844631,87,"{'max_depth': 4, 'max_features': 0.704725128844631, 'n_estimators': 87}",0.47342995169082125,0.45999999999999996,0.4224137931034482,0.5360824742268041,0.46788990825688076,0.4719632254555909,0.03668320125495051,2
5,0.06273040771484376,0.0018902526215979854,0.020141458511352538,0.012485526081529814,4,0.8820104034966376,57,"{'max_depth': 4, 'max_features': 0.8820104034966376, 'n_estimators': 57}",0.46601941747572817,0.4545454545454545,0.4033613445378151,0.5340314136125655,0.4907407407407407,0.4697396741824608,0.04295406807809618,3
