,mean_fit_time,std_fit_time,mean_score_time,std_score_time,param_max_depth,param_max_features,param_n_estimators,params,split0_test_score,split1_test_score,split2_test_score,split3_test_score,split4_test_score,mean_test_score,std_test_score,rank_test_score
0,0.1778233528137207,0.20474384454431993,0.018124723434448244,0.002173026383550207,4,0.6332372378551006,125,"{'max_depth': 4, 'max_features': 0.6332372378551006, 'n_estimators': 125}",-0.41482989490130917,-0.4082036690515465,-0.46276909841312114,-0.3541056231990098,-0.498420826480715,-0.42766582240914036,0.049382486659776646,2
1,0.08696184158325196,0.005847732939280663,0.020154476165771484,0.002568901899964261,4,0.8115818937174339,149,"{'max_depth': 4, 'max_features': 0.8115818937174339, 'n_estimators': 149}",-0.40461937525173425,-0.41806282875955575,-0.46043288427627677,-0.35865202572339383,-0.49736537600780717,-0.42782649800375355,0.047576967912256206,3
2,0.045223569869995116,0.0021522863254610004,0.008186435699462891,0.0013584139657736695,5,0.52977969037421,56,"{'max_depth': 5, 'max_features': 0.52977969037421, 'n_estimators': 56}",-0.40955850415994766,-0.39317164122701104,-0.45089550592720834,-0.355602011280672,-0.4943958145708325,-0.42072469543313423,0.04788012158657614,1
3,0.08498806953430176,0.002535236735582375,0.02039823532104492,0.0026072359820732056,5,0.3600324369468695,145,"{'max_depth': 5, 'max_features': 0.3600324369468695, 'n_estimators': 145}",-0.4045957401865004,-0.40918034169566403,-0.46292913231467,-0.3578585693532313,-0.5148635792227826,-0.42988547255456966,0.053980199805416414,4
4,0.0606600284576416,0.004204502316879084,0.011208534240722656,0.0014233123270074232,5,0.2350354340428334,101,"{'max_depth': 5, 'max_features': 0.2350354340428334, 'n_estimators': 101}",-0.4144764775795213,-0.417484678962395,-0.49068960540212997,-0.36127275821812893,-0.5241410792043593,-0.44161291987330686,0.05829668640611685,6
5,0.0498568058013916,0.010054134900321579,0.009865045547485352,0.0009409880848312976,4,0.5618793465822085,58,"{'max_depth': 4, 'max_features': 0.5618793465822085, 'n_estimators': 58}",-0.4273018486980081,-0.4039088861197489,-0.46275599501321896,-0.3531229324649386,-0.5073376177966226,-0.43088545601850736,0.05224605617787817,5
