,mean_fit_time,std_fit_time,mean_score_time,std_score_time,param_max_depth,param_max_features,param_n_estimators,params,split0_test_score,split1_test_score,split2_test_score,split3_test_score,split4_test_score,mean_test_score,std_test_score,rank_test_score
0,0.17828049659729003,0.20158085303584403,0.02138376235961914,0.0015773909915875834,3,0.22068464639965643,85,"OrderedDict([('max_depth', 3), ('max_features', 0.22068464639965643), ('n_estimators', 85)])",0.4722222222222222,0.4615384615384615,0.41777777777777786,0.507177033492823,0.5517241379310345,0.48208792659246386,0.04502015791163209,4
1,0.11263184547424317,0.008811084090594347,0.03064136505126953,0.0033154467838226046,3,0.6215678433056571,134,"OrderedDict([('max_depth', 3), ('max_features', 0.6215678433056571), ('n_estimators', 134)])",0.4473684210526316,0.4554455445544554,0.4048582995951417,0.5046728971962617,0.45814977973568277,0.4540989884268346,0.03176755686435236,6
2,0.0973658561706543,0.002835633392696499,0.027015495300292968,0.004213207640944208,3,0.7211325682618934,126,"OrderedDict([('max_depth', 3), ('max_features', 0.7211325682618934), ('n_estimators', 126)])",0.4553571428571428,0.45999999999999996,0.39840637450199207,0.5294117647058824,0.4576271186440678,0.460160480141817,0.041566394360281846,5
3,0.07135591506958008,0.00914158748441098,0.01705007553100586,0.0014398704933870304,4,0.22373391341339635,77,"OrderedDict([('max_depth', 4), ('max_features', 0.22373391341339635), ('n_estimators', 77)])",0.4830917874396135,0.46464646464646464,0.43269230769230776,0.5625,0.5368421052631579,0.4959545330083087,0.04742962631538467,1
4,0.06868929862976074,0.012445127080517895,0.01349339485168457,0.0006149141129945685,5,0.503227943704645,77,"OrderedDict([('max_depth', 5), ('max_features', 0.503227943704645), ('n_estimators', 77)])",0.4795918367346939,0.4432432432432432,0.4372093023255814,0.56353591160221,0.5405405405405406,0.4928241668892538,0.050996821207063336,2
5,0.10645761489868164,0.01149944265769568,0.02699456214904785,0.001330197406091708,5,0.6409801642618886,134,"OrderedDict([('max_depth', 5), ('max_features', 0.6409801642618886), ('n_estimators', 134)])",0.47567567567567576,0.4861878453038674,0.423963133640553,0.5384615384615384,0.5208333333333334,0.48902430528299357,0.0396863748985739,3
