,mean_fit_time,std_fit_time,mean_score_time,std_score_time,param_max_depth,param_max_features,param_n_estimators,params,split0_test_score,split1_test_score,split2_test_score,split3_test_score,split4_test_score,mean_test_score,std_test_score,rank_test_score
0,0.1633462905883789,0.23804760279306955,0.010385704040527344,0.001827286885671171,4,0.28317799131900695,66,"OrderedDict([('max_depth', 4), ('max_features', 0.28317799131900695), ('n_estimators', 66)])",-0.4175624857834557,-0.41764935364450334,-0.49135987988091295,-0.36549156132752625,-0.5322296567248136,-0.4448585874722424,0.05929691113366276,3
1,0.08384590148925782,0.004550584451329034,0.021824216842651366,0.0025087923795258705,3,0.6767046880272642,144,"OrderedDict([('max_depth', 3), ('max_features', 0.6767046880272642), ('n_estimators', 144)])",-0.4413469370767669,-0.43662825516710746,-0.4735046399274676,-0.3741318610836677,-0.5135881695470556,-0.447839972560413,0.04600488750605409,4
2,0.05763721466064453,0.005726240498181902,0.011240243911743164,0.001992556677762601,4,0.7256307627637708,88,"OrderedDict([('max_depth', 4), ('max_features', 0.7256307627637708), ('n_estimators', 88)])",-0.4182244121459428,-0.4157387186354187,-0.4617677434388144,-0.36276343396913724,-0.4891202900564263,-0.4295229196491479,0.04328062988990666,2
3,0.08247790336608887,0.004963675900815196,0.021998500823974608,0.0018434770205538707,5,0.5299580881338504,138,"OrderedDict([('max_depth', 5), ('max_features', 0.5299580881338504), ('n_estimators', 138)])",-0.4078172332349119,-0.4081093284999256,-0.45041961508455114,-0.3500755714813512,-0.492725280917553,-0.4218294058436586,0.04770077445107161,1
4,0.06265082359313964,0.0023689618555367557,0.014714193344116212,0.0027068099809909865,3,0.27317949397928276,102,"OrderedDict([('max_depth', 3), ('max_features', 0.27317949397928276), ('n_estimators', 102)])",-0.43793105840316854,-0.4353144735154631,-0.5062211179076009,-0.3746240129082392,-0.5521607318071926,-0.4612502789083329,0.06165654679600238,6
5,0.07864160537719726,0.015357954270399252,0.01905403137207031,0.0016736257746543372,3,0.3816900977702603,127,"OrderedDict([('max_depth', 3), ('max_features', 0.3816900977702603), ('n_estimators', 127)])",-0.4400500940748328,-0.4334479772528339,-0.493829610874376,-0.37130858541598205,-0.538102808617731,-0.4553478152471512,0.05675465240897808,5
