,mean_fit_time,std_fit_time,mean_score_time,std_score_time,param_max_depth,param_max_features,param_n_estimators,params,split0_test_score,split1_test_score,split2_test_score,split3_test_score,split4_test_score,mean_test_score,std_test_score,rank_test_score
0,0.17201690673828124,0.2456121136995126,0.013726568222045899,0.001244647705106669,4,0.28317799131900695,66,"OrderedDict([('max_depth', 4), ('max_features', 0.28317799131900695), ('n_estimators', 66)])",0.7829514658782951,0.7491649033151009,0.6660545895421857,0.5097501329080276,0.6735911664243757,0.676302451613597,0.09437689730246411,1
1,0.09122328758239746,0.003471206073421076,0.0265139102935791,0.004057013030955469,3,0.6767046880272642,144,"OrderedDict([('max_depth', 3), ('max_features', 0.6767046880272642), ('n_estimators', 144)])",0.7583330806370642,0.7037935885163163,0.6523454245429828,0.4847451700323455,0.6361500104755918,0.6470734548408601,0.09175343617182784,6
2,0.05571646690368652,0.004108522634580479,0.015153217315673827,0.0021638217988067454,4,0.7256307627637708,88,"OrderedDict([('max_depth', 4), ('max_features', 0.7256307627637708), ('n_estimators', 88)])",0.7792114695340503,0.6874044785259739,0.6772882308093576,0.4974406728303365,0.6505105405770499,0.6583710784553537,0.09139319515069645,3
3,0.08626785278320312,0.0056743606010402755,0.029031085968017577,0.0035681729117259006,5,0.5299580881338504,138,"OrderedDict([('max_depth', 5), ('max_features', 0.5299580881338504), ('n_estimators', 138)])",0.8123754006106947,0.7094328998810132,0.6662213840431661,0.49299032636976275,0.6569034150429499,0.6675846851895174,0.10326157329682975,2
4,0.05981192588806152,0.004565026798004387,0.01739950180053711,0.0016289793839742868,3,0.27317949397928276,102,"OrderedDict([('max_depth', 3), ('max_features', 0.27317949397928276), ('n_estimators', 102)])",0.7481980385206192,0.732102866986588,0.6178736517719569,0.5184397163120568,0.6610508873564966,0.6555330321895434,0.08329825438332945,4
5,0.08562231063842773,0.009769817634838592,0.023194551467895508,0.003947322732141571,3,0.3816900977702603,127,"OrderedDict([('max_depth', 3), ('max_features', 0.3816900977702603), ('n_estimators', 127)])",0.7692718634204004,0.6590613223706749,0.6524216524216525,0.5031080031080031,0.6582827171062465,0.6484291116853955,0.0847906516904157,5
