,mean_fit_time,std_fit_time,mean_score_time,std_score_time,param_max_depth,param_max_features,param_n_estimators,params,split0_test_score,split1_test_score,split2_test_score,split3_test_score,split4_test_score,mean_test_score,std_test_score,rank_test_score
0,0.16240792274475097,0.2278246992228882,0.011472606658935547,0.0005457374423533016,3,0.314125363992566,72,"{'max_depth': 3, 'max_features': 0.314125363992566, 'n_estimators': 72}",-0.4395909055475722,-0.4389781639125679,-0.5048869596557698,-0.37300904034513555,-0.5596837198575133,-0.4632297578637118,0.06375798344208841,6
1,0.06084461212158203,0.0029247983012633187,0.013569450378417969,0.0010386487251341115,3,0.7846686663180145,88,"{'max_depth': 3, 'max_features': 0.7846686663180145, 'n_estimators': 88}",-0.4413754814349293,-0.43970854510245777,-0.47883506858122504,-0.3760358204239067,-0.5081938507621024,-0.44882975326092434,0.04441201252860803,3
2,0.05744261741638183,0.001337644843935374,0.011868667602539063,0.0013542641997690327,3,0.49093557029321433,80,"{'max_depth': 3, 'max_features': 0.49093557029321433, 'n_estimators': 80}",-0.43751740298969555,-0.4348928628042567,-0.4881293907756983,-0.3723363777274396,-0.5216119398622023,-0.4508975948318585,0.050977977669205955,4
3,0.05906453132629395,0.002292153444957066,0.011379146575927734,0.0005473302284330362,3,0.2989845541137979,97,"{'max_depth': 3, 'max_features': 0.2989845541137979, 'n_estimators': 97}",-0.4394846560926511,-0.4361817980234952,-0.5067517835782324,-0.37396860935680376,-0.5542276820988222,-0.462122905830001,0.06234041699039224,5
4,0.057654190063476565,0.005330339625102811,0.01013946533203125,0.000564285595502486,4,0.704725128844631,87,"{'max_depth': 4, 'max_features': 0.704725128844631, 'n_estimators': 87}",-0.4180957930761326,-0.4162688028147226,-0.461818037651857,-0.36293564669836614,-0.4897370162600855,-0.42977105930023274,0.04337861216047892,1
5,0.04263186454772949,0.0027778629351696573,0.00778050422668457,0.0009644072418220497,4,0.8820104034966376,57,"{'max_depth': 4, 'max_features': 0.8820104034966376, 'n_estimators': 57}",-0.4163160531019323,-0.4086348187723858,-0.45664603467075954,-0.36715872217605755,-0.5007634689900398,-0.429903819542235,0.045409648807100925,2
