,mean_fit_time,std_fit_time,mean_score_time,std_score_time,param_max_depth,param_max_features,param_n_estimators,params,split0_test_score,split1_test_score,split2_test_score,split3_test_score,split4_test_score,mean_test_score,std_test_score,rank_test_score
0,0.16488680839538575,0.19930689856940156,0.020468711853027344,0.004098492344815326,5,0.43127533184551325,114,"OrderedDict([('max_depth', 5), ('max_features', 0.43127533184551325), ('n_estimators', 114)])",0.8022219848306804,0.7239327045744487,0.7246963562753037,0.5254529083678624,0.6353003721424774,0.6823208652381545,0.09457482599164613,4
1,0.08451557159423828,0.0030379369744907452,0.02606520652770996,0.002048337340477714,4,0.34249563628373547,142,"OrderedDict([('max_depth', 4), ('max_features', 0.34249563628373547), ('n_estimators', 142)])",0.7921998350418287,0.7827900646162279,0.7046223870394702,0.49164357138106113,0.6505105405770499,0.6843532797311276,0.10955718096756173,3
2,0.04453587532043457,0.0015951453218367511,0.012596368789672852,0.002409470324294027,5,0.26708186919709287,72,"OrderedDict([('max_depth', 5), ('max_features', 0.26708186919709287), ('n_estimators', 72)])",0.8514899745208817,0.7283753342876483,0.718266501365093,0.5396315100991065,0.6718421936675906,0.7019211027880641,0.10057882329728167,1
3,0.057695960998535155,0.0030557345713155973,0.018656492233276367,0.002850355658590655,4,0.2533918333030734,91,"OrderedDict([('max_depth', 4), ('max_features', 0.2533918333030734), ('n_estimators', 91)])",0.7758900480211955,0.7307553915875293,0.686187891969508,0.5237386569872958,0.6531034061028558,0.6739350789336769,0.08575129017972286,6
4,0.05325160026550293,0.0019852925256513597,0.017328882217407228,0.0038228271802920664,4,0.29354009106302026,96,"OrderedDict([('max_depth', 4), ('max_features', 0.29354009106302026), ('n_estimators', 96)])",0.7758900480211955,0.744480860270334,0.6842364532019705,0.5253279242731574,0.6531034061028558,0.6766077383739028,0.08713205009026306,5
5,0.06974673271179199,0.004424148030611617,0.02634878158569336,0.0087666854818822,5,0.3803707265426841,123,"OrderedDict([('max_depth', 5), ('max_features', 0.3803707265426841), ('n_estimators', 123)])",0.8022219848306804,0.7303476718556275,0.7310897435897435,0.5406309130447061,0.6282580614857088,0.6865096749612933,0.09162134554432093,2
