,mean_fit_time,std_fit_time,mean_score_time,std_score_time,param_max_depth,param_max_features,param_n_estimators,params,split0_test_score,split1_test_score,split2_test_score,split3_test_score,split4_test_score,mean_test_score,std_test_score,rank_test_score
0,0.17355060577392578,0.22824071110668276,0.015506935119628907,0.001887078420159826,4,0.28317799131900695,66,"OrderedDict([('max_depth', 4), ('max_features', 0.28317799131900695), ('n_estimators', 66)])",0.4771573604060914,0.4771573604060914,0.4324324324324324,0.5376344086021505,0.5376344086021505,0.49240319408978317,0.04038090805247433,2
1,0.1218679428100586,0.00882653928442627,0.03869643211364746,0.006568560300633851,3,0.6767046880272642,144,"OrderedDict([('max_depth', 3), ('max_features', 0.6767046880272642), ('n_estimators', 144)])",0.4513274336283186,0.4554455445544554,0.4066390041493776,0.5142857142857142,0.456896551724138,0.45691884966840074,0.034212439491881866,6
2,0.07865614891052246,0.0027482071487741552,0.024805736541748048,0.003006417489739336,4,0.7256307627637708,88,"OrderedDict([('max_depth', 4), ('max_features', 0.7256307627637708), ('n_estimators', 88)])",0.4927536231884058,0.4693877551020407,0.417391304347826,0.5333333333333334,0.4884792626728111,0.4802690557288834,0.03771234228330405,3
3,0.11440153121948242,0.00909690124566252,0.03444170951843262,0.0060487071011470234,5,0.5299580881338504,138,"OrderedDict([('max_depth', 5), ('max_features', 0.5299580881338504), ('n_estimators', 138)])",0.4699453551912568,0.4919786096256684,0.41904761904761906,0.5591397849462366,0.5297297297297296,0.4939682197081021,0.048415641038444986,1
4,0.09203433990478516,0.014324979441197457,0.02623410224914551,0.0015615746825888657,3,0.27317949397928276,102,"OrderedDict([('max_depth', 3), ('max_features', 0.27317949397928276), ('n_estimators', 102)])",0.4716981132075471,0.4509803921568628,0.42608695652173917,0.5294117647058824,0.5118483412322274,0.47800511356485176,0.03808836224339714,4
5,0.11014957427978515,0.008970391033827779,0.03286590576171875,0.004620801410600123,3,0.3816900977702603,127,"OrderedDict([('max_depth', 3), ('max_features', 0.3816900977702603), ('n_estimators', 127)])",0.4615384615384615,0.46078431372549017,0.41025641025641024,0.5167464114832535,0.5023255813953489,0.4703302356797929,0.03729731342385022,5
