,mean_fit_time,std_fit_time,mean_score_time,std_score_time,param_max_depth,param_max_features,param_n_estimators,params,split0_test_score,split1_test_score,split2_test_score,split3_test_score,split4_test_score,mean_test_score,std_test_score,rank_test_score
0,0.15892415046691893,0.2028204093768424,0.018200016021728514,0.003325075907772711,4,0.31747428513631415,98,"{'max_depth': 4, 'max_features': 0.31747428513631415, 'n_estimators': 98}",0.7829514658782951,0.7424848375668048,0.6758454106280194,0.5222954385515961,0.6531034061028558,0.6753361117455142,0.08944944500860715,3
1,0.0930976390838623,0.004201894480151524,0.024696159362792968,0.0018559739421032749,5,0.9390109921676841,147,"{'max_depth': 5, 'max_features': 0.9390109921676841, 'n_estimators': 147}",0.8022219848306804,0.6679540573104928,0.6146565501404211,0.48507652471447726,0.6282580614857088,0.639633435696356,0.10186086255376267,5
2,0.05963134765625,0.004606089754660555,0.01544017791748047,0.0028682672750706905,5,0.44250888474649436,89,"{'max_depth': 5, 'max_features': 0.44250888474649436, 'n_estimators': 89}",0.8385285285285285,0.740335110260616,0.702327564274467,0.5274302874302873,0.6282580614857088,0.6873759103959215,0.10483593385665982,1
3,0.05412273406982422,0.0034793635951517795,0.016979122161865236,0.003073449339007672,5,0.7136113838740179,77,"{'max_depth': 5, 'max_features': 0.7136113838740179, 'n_estimators': 77}",0.836352405693233,0.6941345826959034,0.6529166666666667,0.4950980392156863,0.6273638642059695,0.6611731116954918,0.11006035382057651,4
4,0.07934422492980957,0.007436155818479076,0.019895553588867188,0.004131185279865903,3,0.9598172486817436,125,"{'max_depth': 3, 'max_features': 0.9598172486817436, 'n_estimators': 125}",0.7583330806370642,0.6624055037195695,0.6436261843238588,0.4795283087966015,0.617680312759192,0.6323146780472572,0.08996875572259071,6
5,0.04440650939941406,0.003316582818134032,0.015218448638916016,0.0016189698013559775,5,0.3584103586092313,70,"{'max_depth': 5, 'max_features': 0.3584103586092313, 'n_estimators': 70}",0.7818618618618619,0.7307288946633209,0.6960773057787984,0.5443523749738439,0.6503446217301638,0.6806730118015978,0.0806042112150111,2
