,mean_fit_time,std_fit_time,mean_score_time,std_score_time,param_max_depth,param_max_features,param_n_estimators,params,split0_test_score,split1_test_score,split2_test_score,split3_test_score,split4_test_score,mean_test_score,std_test_score,rank_test_score
0,0.15197453498840333,0.2067248875909704,0.009794807434082032,0.0009927846924582663,4,0.6424115436087924,74,"OrderedDict([('max_depth', 4), ('max_features', 0.6424115436087924), ('n_estimators', 74)])",-0.41832596892726576,-0.4147802734632122,-0.46169125368328956,-0.36486477266643275,-0.4936295799182586,-0.4306583697316918,0.04395773575654662,4
1,0.048425912857055664,0.004065127254273377,0.011328697204589844,0.0011061834233281828,4,0.5310327665921755,79,"OrderedDict([('max_depth', 4), ('max_features', 0.5310327665921755), ('n_estimators', 79)])",-0.42350406064558527,-0.4184143455523406,-0.4691310854854615,-0.35812690044882906,-0.5023738098718519,-0.43431004040081367,0.04902753312481378,5
2,0.08226914405822754,0.005768876161191907,0.018452024459838866,0.001503318312811237,4,0.4246214545534894,138,"OrderedDict([('max_depth', 4), ('max_features', 0.4246214545534894), ('n_estimators', 138)])",-0.4213336694744185,-0.4170912621923866,-0.47363130203220033,-0.3639769017373819,-0.5102891128276732,-0.4372644496528121,0.05037253480349857,6
3,0.054989194869995116,0.0026581936364784417,0.012337589263916015,0.0019610613495001364,5,0.5855261631047599,83,"OrderedDict([('max_depth', 5), ('max_features', 0.5855261631047599), ('n_estimators', 83)])",-0.40573072385544257,-0.4071951596038588,-0.4584257298581857,-0.3637282121783432,-0.49913121126673293,-0.42684220735251266,0.04698573525721725,3
4,0.050192975997924806,0.0055955776583191735,0.012081527709960937,0.0010930669508176128,5,0.7165935327710495,82,"OrderedDict([('max_depth', 5), ('max_features', 0.7165935327710495), ('n_estimators', 82)])",-0.4005991758062095,-0.40596931181564583,-0.4514230651097651,-0.3544441629996422,-0.5085529454650883,-0.42419773223927015,0.052176140805572854,1
5,0.05029478073120117,0.004922107822217371,0.01778268814086914,0.01367259999960228,5,0.5490311449667362,85,"OrderedDict([('max_depth', 5), ('max_features', 0.5490311449667362), ('n_estimators', 85)])",-0.406010438807843,-0.40725839513589496,-0.4580993123889809,-0.3640864207578325,-0.49804997923062105,-0.42670090926423454,0.04648275077511711,2
