,mean_fit_time,std_fit_time,mean_score_time,std_score_time,param_max_depth,param_max_features,param_n_estimators,params,split0_test_score,split1_test_score,split2_test_score,split3_test_score,split4_test_score,mean_test_score,std_test_score,rank_test_score
0,0.16748266220092772,0.20589488946029605,0.015175104141235352,0.002026394326955743,4,0.49284225103668816,76,"{'max_depth': 4, 'max_features': 0.49284225103668816, 'n_estimators': 76}",0.4739336492890995,0.4623115577889447,0.4242424242424242,0.5326633165829147,0.504950495049505,0.47962028859057765,0.037023830342412516,2
1,0.11963939666748047,0.006737256519174678,0.027886152267456055,0.004470678482581876,4,0.6553121451994863,146,"{'max_depth': 4, 'max_features': 0.6553121451994863, 'n_estimators': 146}",0.47887323943661975,0.45918367346938777,0.4192139737991266,0.5353535353535354,0.46086956521739136,0.47069879745521215,0.037754352300365106,4
2,0.05895423889160156,0.0017659060774463746,0.015500068664550781,0.0013747414489239408,3,0.46657470641754134,56,"{'max_depth': 3, 'max_features': 0.46657470641754134, 'n_estimators': 56}",0.47058823529411764,0.45662100456621,0.42290748898678415,0.5320197044334976,0.46846846846846846,0.47012098034981553,0.0353433565998866,5
3,0.11864399909973145,0.0137957011707247,0.028047513961791993,0.0007647007549479591,5,0.9665273886610053,142,"{'max_depth': 5, 'max_features': 0.9665273886610053, 'n_estimators': 142}",0.4725274725274725,0.4800000000000001,0.4245283018867924,0.5303867403314917,0.5050505050505051,0.48249860395925237,0.03540645210744254,1
4,0.11325249671936036,0.011053058690268583,0.032835197448730466,0.0041581179023298135,3,0.8246815308069448,135,"{'max_depth': 3, 'max_features': 0.8246815308069448, 'n_estimators': 135}",0.4553571428571428,0.44554455445544555,0.3952569169960474,0.5217391304347827,0.451063829787234,0.4537923149061305,0.040301566766041845,6
5,0.10576543807983399,0.015207153169068411,0.027208328247070312,0.0040702638132991175,4,0.7411756981221531,127,"{'max_depth': 4, 'max_features': 0.7411756981221531, 'n_estimators': 127}",0.4807692307692308,0.4693877551020407,0.41409691629955947,0.5408163265306122,0.4814814814814815,0.47731034203658496,0.04030155570008451,3
