,mean_fit_time,std_fit_time,mean_score_time,std_score_time,param_max_depth,param_max_features,param_n_estimators,params,split0_test_score,split1_test_score,split2_test_score,split3_test_score,split4_test_score,mean_test_score,std_test_score,rank_test_score
0,0.17203984260559083,0.24177402493019343,0.014464998245239257,0.001516745183876023,3,0.314125363992566,72,"{'max_depth': 3, 'max_features': 0.314125363992566, 'n_estimators': 72}",0.7414469314639479,0.6959960877804267,0.5989380649931109,0.5253279242731574,0.6610508873564966,0.6445519791734279,0.07563378411093312,6
1,0.0619410514831543,0.002442586716791339,0.017234373092651366,0.0022272490161428823,3,0.7846686663180145,88,"{'max_depth': 3, 'max_features': 0.7846686663180145, 'n_estimators': 88}",0.7583330806370642,0.6614216701173223,0.6649240408951841,0.4847451700323455,0.6665836568275593,0.647201523701895,0.08903286703087133,5
2,0.05401310920715332,0.0031070703030217387,0.014050722122192383,0.003803538012982006,3,0.49093557029321433,80,"{'max_depth': 3, 'max_features': 0.49093557029321433, 'n_estimators': 80}",0.7623798965262379,0.6709861060226023,0.6711906109664515,0.4974457215836526,0.6582827171062465,0.6520570104410381,0.08583583702439582,3
3,0.06328778266906739,0.0018815182401521074,0.015406656265258788,0.0017431839917500243,3,0.2989845541137979,97,"{'max_depth': 3, 'max_features': 0.2989845541137979, 'n_estimators': 97}",0.7481980385206192,0.7504011387163562,0.5991003887555612,0.5184397163120568,0.6610508873564966,0.6554380339322179,0.08899031760798622,2
4,0.056082725524902344,0.004725580709417467,0.01761465072631836,0.003500272044595354,4,0.704725128844631,87,"{'max_depth': 4, 'max_features': 0.704725128844631, 'n_estimators': 87}",0.7792114695340503,0.6939783047764269,0.6772882308093576,0.502748106196382,0.644779362996204,0.6596010948624842,0.09013746486067507,1
5,0.056783103942871095,0.009309961350777555,0.011746883392333984,0.0017098636964737125,4,0.8820104034966376,57,"{'max_depth': 4, 'max_features': 0.8820104034966376, 'n_estimators': 57}",0.7705419304297285,0.6678764454499748,0.6772882308093576,0.4933729982910311,0.6390841745838635,0.6496327559127911,0.08971629774139722,4
