,mean_fit_time,std_fit_time,mean_score_time,std_score_time,param_max_depth,param_max_features,param_n_estimators,params,split0_test_score,split1_test_score,split2_test_score,split3_test_score,split4_test_score,mean_test_score,std_test_score,rank_test_score
0,0.18457107543945311,0.1895269686197282,0.0230435848236084,0.0037676100632827625,4,0.9496173530984324,144,"{'max_depth': 4, 'max_features': 0.9496173530984324, 'n_estimators': 144}",0.7705419304297285,0.6344246031746031,0.6834761568706523,0.4992967311094721,0.6282580614857088,0.643199496614033,0.08814369628051667,5
1,0.06510419845581054,0.003399689853900123,0.018883228302001953,0.0021300941009348424,3,0.9794891541582578,112,"{'max_depth': 3, 'max_features': 0.9794891541582578, 'n_estimators': 112}",0.7583330806370642,0.6943966299887424,0.6436261843238588,0.47258540811528976,0.617680312759192,0.6373243231648293,0.0953570955113052,6
2,0.03794021606445312,0.004831580781277419,0.011123132705688477,0.0019247111391860756,3,0.36974601734114093,65,"{'max_depth': 3, 'max_features': 0.36974601734114093, 'n_estimators': 65}",0.7692718634204004,0.6876529559192098,0.6711906109664515,0.4839293934631808,0.6610508873564966,0.6546191422251478,0.09347454260786985,3
3,0.055872869491577146,0.0021095541802328877,0.01794600486755371,0.001926646803745696,5,0.6976284424024408,83,"{'max_depth': 5, 'max_features': 0.6976284424024408, 'n_estimators': 83}",0.836352405693233,0.6962297570850202,0.646382809577254,0.501364536540598,0.6273638642059695,0.6615386746204149,0.1084589177484707,1
4,0.059892797470092775,0.0015483283800976412,0.017369985580444336,0.0026634187641663806,4,0.884733030550062,89,"{'max_depth': 4, 'max_features': 0.884733030550062, 'n_estimators': 89}",0.7637819448924793,0.6776677026677027,0.6772882308093576,0.4742901855577912,0.6294018302501866,0.6444859788355035,0.09550149908401792,4
5,0.07101378440856934,0.006734962804059822,0.018106365203857423,0.005361429892433958,5,0.7629779538200021,107,"{'max_depth': 5, 'max_features': 0.7629779538200021, 'n_estimators': 107}",0.8236900525036117,0.6980423579688285,0.6529166666666667,0.4950980392156863,0.6282580614857088,0.6596010355681003,0.1062932164981769,2
6,0.06322073936462402,0.003953180169997428,0.01552443504333496,0.0008244767000380373,3,0.8921572074001363,108,"{'max_depth': 3, 'max_features': 0.8921572074001363, 'n_estimators': 108}",0.7583330806370642,0.6624055037195695,0.6436261843238588,0.4795283087966015,0.617680312759192,0.6323146780472572,0.08996875572259071,7
