,mean_fit_time,std_fit_time,mean_score_time,std_score_time,param_colsample_bytree,param_max_depth,param_n_estimators,params,split0_test_score,split1_test_score,split2_test_score,split3_test_score,split4_test_score,mean_test_score,std_test_score,rank_test_score
0,0.024639129638671875,0.012852383868572728,0.0016054153442382813,0.00010791738280150008,0.5219348975088238,3,54,"{'colsample_bytree': 0.5219348975088238, 'max_depth': 3, 'n_estimators': 54}",0.4403669724770642,0.36170212765957444,0.4220183486238532,0.5161290322580645,0.4,0.42804329620371123,0.05125396958721983,1
1,0.017965316772460938,0.00016304881682511818,0.0014805316925048829,1.7911186829182308e-05,0.2595352717715216,4,53,"{'colsample_bytree': 0.2595352717715216, 'max_depth': 4, 'n_estimators': 53}",0.4271844660194175,0.4130434782608695,0.43564356435643564,0.4130434782608696,0.3764705882352941,0.41307711502657724,0.02024006943652715,2
