,mean_fit_time,std_fit_time,mean_score_time,std_score_time,param_colsample_bytree,param_max_depth,param_n_estimators,params,split0_test_score,split1_test_score,split2_test_score,split3_test_score,split4_test_score,mean_test_score,std_test_score,rank_test_score
0,0.019771575927734375,0.013774935300598118,0.0010358333587646485,0.0001245944197561305,0.5318811050833346,3,66,"OrderedDict([('colsample_bytree', 0.5318811050833346), ('max_depth', 3), ('n_estimators', 66)])",-0.4603581899033206,-0.45359862113097155,-0.5142330304998723,-0.4001857569344966,-0.5936531990246194,-0.48440575949865605,0.06549052351006855,1
1,0.04675216674804687,0.0009140527716590772,0.0012526512145996094,9.425576313003816e-05,0.28035854418846373,5,144,"OrderedDict([('colsample_bytree', 0.28035854418846373), ('max_depth', 5), ('n_estimators', 144)])",-0.482467913985652,-0.49027906383162395,-0.5534729212705392,-0.4261537145837293,-0.6686529073883976,-0.5242053042119884,0.0827391288684811,4
2,0.03039889335632324,0.0008722006943674061,0.0010691165924072265,4.142652996679664e-05,0.5615154526090387,5,88,"OrderedDict([('colsample_bytree', 0.5615154526090387), ('max_depth', 5), ('n_estimators', 88)])",-0.45567827482974654,-0.4510861702070365,-0.5489289018497285,-0.4662859641805135,-0.6636102591785451,-0.5171179140491141,0.08147497004116895,2
3,0.034412050247192384,0.0003541692255769048,0.001184844970703125,0.0001486942803341582,0.686245943300492,4,138,"OrderedDict([('colsample_bytree', 0.686245943300492), ('max_depth', 4), ('n_estimators', 138)])",-0.4534755796390413,-0.47675312196036473,-0.5523930585491014,-0.4563885986502852,-0.6734639602726615,-0.5224948638142908,0.08356025007584214,3
