,mean_fit_time,std_fit_time,mean_score_time,std_score_time,param_colsample_bytree,param_max_depth,param_n_estimators,params,split0_test_score,split1_test_score,split2_test_score,split3_test_score,split4_test_score,mean_test_score,std_test_score,rank_test_score
0,0.04272527694702148,0.014232881837071326,0.001568174362182617,9.241069679471625e-05,0.6799658235991084,4,79,"OrderedDict([('colsample_bytree', 0.6799658235991084), ('max_depth', 4), ('n_estimators', 79)])",0.4259259259259259,0.40425531914893614,0.4727272727272728,0.48000000000000004,0.39999999999999997,0.43658170356042697,0.03372954905600799,4
1,0.036205196380615236,0.000665393486500931,0.0015702247619628906,6.576205065940594e-06,0.3026459689180139,4,109,"OrderedDict([('colsample_bytree', 0.3026459689180139), ('max_depth', 4), ('n_estimators', 109)])",0.5225225225225225,0.3829787234042553,0.4144144144144145,0.4375,0.43298969072164945,0.4380810702125683,0.046374557413259784,3
2,0.034562301635742185,0.00032181267488297263,0.0015572071075439452,2.9672377533184117e-05,0.6236975851081845,4,79,"OrderedDict([('colsample_bytree', 0.6236975851081845), ('max_depth', 4), ('n_estimators', 79)])",0.5045045045045046,0.39999999999999997,0.4324324324324324,0.4693877551020407,0.3617021276595745,0.4336053639397105,0.05021521540632613,5
3,0.04530854225158691,0.00019684265283631677,0.0015718936920166016,4.0435959707663994e-05,0.6935695519435426,4,99,"OrderedDict([('colsample_bytree', 0.6935695519435426), ('max_depth', 4), ('n_estimators', 99)])",0.4955752212389381,0.3829787234042553,0.4485981308411215,0.4615384615384615,0.5,0.4577381074045553,0.04220109502913988,1
4,0.033702945709228514,0.00026528686914023,0.0015648365020751952,8.237836316217206e-06,0.2522485984159067,4,106,"OrderedDict([('colsample_bytree', 0.2522485984159067), ('max_depth', 4), ('n_estimators', 106)])",0.5,0.39999999999999997,0.4778761061946903,0.45652173913043476,0.367816091954023,0.4404427874558296,0.04922825116028491,2
