,mean_fit_time,std_fit_time,mean_score_time,std_score_time,param_colsample_bytree,param_max_depth,param_n_estimators,params,split0_test_score,split1_test_score,split2_test_score,split3_test_score,split4_test_score,mean_test_score,std_test_score,rank_test_score
0,0.06482362747192383,0.014625056779262305,0.0017728328704833985,5.422823113062947e-05,0.7324781721729332,4,122,"{'colsample_bytree': 0.7324781721729332, 'max_depth': 4, 'n_estimators': 122}",0.4464285714285714,0.43010752688172044,0.45454545454545453,0.4854368932038835,0.4489795918367347,0.4530996075792729,0.018099190826458278,2
1,0.024656200408935548,0.0001311635581895824,0.0015022754669189453,9.175863556997174e-06,0.6346888110940633,3,71,"{'colsample_bytree': 0.6346888110940633, 'max_depth': 3, 'n_estimators': 71}",0.4642857142857143,0.41237113402061853,0.4485981308411215,0.47916666666666674,0.5,0.4608843291628242,0.029598411317186768,1
2,0.04477338790893555,0.0002614430955966045,0.0015665531158447266,4.6344058284064534e-06,0.6427772695931862,3,134,"{'colsample_bytree': 0.6427772695931862, 'max_depth': 3, 'n_estimators': 134}",0.4821428571428571,0.3789473684210526,0.4403669724770642,0.41666666666666663,0.4693877551020407,0.4375023239619362,0.03709574521721662,3
