,mean_fit_time,std_fit_time,mean_score_time,std_score_time,param_colsample_bytree,param_max_depth,param_n_estimators,params,split0_test_score,split1_test_score,split2_test_score,split3_test_score,split4_test_score,mean_test_score,std_test_score,rank_test_score
0,0.0406191349029541,0.012812428828890715,0.0016644954681396484,7.39688944359803e-05,0.5756318160453838,4,72,"{'colsample_bytree': 0.5756318160453838, 'max_depth': 4, 'n_estimators': 72}",0.5090909090909091,0.3440860215053763,0.4482758620689655,0.4375,0.46,0.4397905585330502,0.05375419156497391,3
1,0.06264863014221192,0.0014631329405038794,0.0018856048583984375,0.0002066397028597225,0.5107131882359732,5,113,"{'colsample_bytree': 0.5107131882359732, 'max_depth': 5, 'n_estimators': 113}",0.5137614678899082,0.40425531914893614,0.45454545454545453,0.4536082474226804,0.4044943820224719,0.44613297420589026,0.040466709886485035,1
2,0.015281295776367188,0.0003502859395470854,0.0016693115234375,0.00014043405615925272,0.23913953001137644,3,50,"{'colsample_bytree': 0.23913953001137644, 'max_depth': 3, 'n_estimators': 50}",0.39175257731958757,0.4130434782608695,0.45714285714285713,0.4130434782608696,0.4044943820224719,0.41589535460133115,0.022047579158971334,4
3,0.046739053726196286,0.0009060703468361377,0.0017223358154296875,3.4560662491312095e-05,0.5602470087056683,4,100,"{'colsample_bytree': 0.5602470087056683, 'max_depth': 4, 'n_estimators': 100}",0.4955752212389381,0.3440860215053763,0.4672897196261682,0.44210526315789467,0.4516129032258064,0.44013382575083676,0.0513264598259746,2
