,mean_fit_time,std_fit_time,mean_score_time,std_score_time,param_colsample_bytree,param_max_depth,param_n_estimators,params,split0_test_score,split1_test_score,split2_test_score,split3_test_score,split4_test_score,mean_test_score,std_test_score,rank_test_score
0,0.055324363708496097,0.01497887373114313,0.001127767562866211,0.0001034387626328461,0.5153413175118622,5,149,"OrderedDict([('colsample_bytree', 0.5153413175118622), ('max_depth', 5), ('n_estimators', 149)])",-0.474519181652624,-0.43425876447582445,-0.5415517387205747,-0.4125079411958829,-0.7029246216042552,-0.5131524495298323,0.10456199778737905,4
1,0.01743760108947754,0.0001427978498321412,0.000961923599243164,2.5409917969350636e-05,0.6149926670992054,3,102,"OrderedDict([('colsample_bytree', 0.6149926670992054), ('max_depth', 3), ('n_estimators', 102)])",-0.4221450454238436,-0.4558302802331866,-0.5056162710006012,-0.4157568487910601,-0.6249134835812985,-0.484852385805998,0.07693755444964752,1
2,0.011333417892456055,0.00011419930383914115,0.0009222984313964844,6.634037128234359e-06,0.2639947737964675,3,66,"OrderedDict([('colsample_bytree', 0.2639947737964675), ('max_depth', 3), ('n_estimators', 66)])",-0.4739446734346258,-0.4552591906322277,-0.5602484879394382,-0.43336087025498315,-0.5602168002189878,-0.49660600449605247,0.053515868634794406,2
3,0.016890239715576173,6.916036016685113e-05,0.0009532928466796875,5.647249925199674e-06,0.6037887433071644,4,73,"OrderedDict([('colsample_bytree', 0.6037887433071644), ('max_depth', 4), ('n_estimators', 73)])",-0.4683912196928602,-0.4208824407049572,-0.5473874650284758,-0.4328315642458967,-0.6363590287707014,-0.5011703436885783,0.08074999689204918,3
