,mean_fit_time,std_fit_time,mean_score_time,std_score_time,param_colsample_bytree,param_max_depth,param_n_estimators,params,split0_test_score,split1_test_score,split2_test_score,split3_test_score,split4_test_score,mean_test_score,std_test_score,rank_test_score
0,0.028375244140625,0.013739037377510152,0.0015970230102539062,7.386800140095927e-05,0.64509031517458,3,62,"{'colsample_bytree': 0.64509031517458, 'max_depth': 3, 'n_estimators': 62}",0.4485981308411215,0.4166666666666667,0.4403669724770642,0.47916666666666674,0.46315789473684216,0.4495912662776722,0.02111331754878324,3
1,0.03266549110412598,0.00022281197806422142,0.0015036582946777344,1.3404468407298353e-05,0.8646574120444357,3,83,"{'colsample_bytree': 0.8646574120444357, 'max_depth': 3, 'n_estimators': 83}",0.4485981308411215,0.3789473684210526,0.49557522123893805,0.5102040816326531,0.4285714285714285,0.45237924614103864,0.047292607329502794,2
2,0.051198577880859374,0.0003416814446847536,0.0015785694122314453,1.045241843070172e-05,0.480318775431237,5,103,"{'colsample_bytree': 0.480318775431237, 'max_depth': 5, 'n_estimators': 103}",0.5233644859813084,0.3870967741935483,0.41509433962264153,0.4444444444444445,0.44210526315789467,0.44242106147996746,0.04552704310280501,5
3,0.050122976303100586,0.00018623900620313356,0.001560354232788086,1.8663530636833262e-05,0.7872341338284734,3,131,"{'colsample_bytree': 0.7872341338284734, 'max_depth': 3, 'n_estimators': 131}",0.5,0.3789473684210526,0.5225225225225224,0.4999999999999999,0.4489795918367347,0.4700898965560619,0.05155776225162746,1
4,0.02172679901123047,0.00013371872594805236,0.0014937400817871093,5.304264190191278e-06,0.3122280262380877,4,63,"{'colsample_bytree': 0.3122280262380877, 'max_depth': 4, 'n_estimators': 63}",0.4672897196261682,0.39175257731958757,0.4444444444444444,0.425531914893617,0.39999999999999997,0.42580373125676346,0.02790681255353813,6
5,0.03918657302856445,0.00013184513795613177,0.0015460014343261718,1.03569206392199e-05,0.6116338282447329,4,91,"{'colsample_bytree': 0.6116338282447329, 'max_depth': 4, 'n_estimators': 91}",0.4864864864864864,0.3829787234042553,0.46846846846846857,0.48484848484848475,0.42105263157894735,0.4487669589573285,0.04051904397662253,4
