,mean_fit_time,std_fit_time,mean_score_time,std_score_time,param_colsample_bytree,param_max_depth,param_n_estimators,params,split0_test_score,split1_test_score,split2_test_score,split3_test_score,split4_test_score,mean_test_score,std_test_score,rank_test_score
0,0.0542088508605957,0.012041874662713154,0.001714038848876953,0.0002802970902391932,0.27499846815189016,4,134,"{'colsample_bytree': 0.27499846815189016, 'max_depth': 4, 'n_estimators': 134}",0.8426278582971918,0.6688695652173912,0.6687908496732026,0.5667953877528865,0.5984065460809648,0.6690980414043273,0.09547341449238984,2
1,0.05801892280578613,0.00044104576018043893,0.0015748500823974609,2.2964845857169584e-05,0.7726086248555375,4,141,"{'colsample_bytree': 0.7726086248555375, 'max_depth': 4, 'n_estimators': 141}",0.9127484437357353,0.7805908352637324,0.6685125101391401,0.60305752086574,0.6415928123245197,0.7213004244657736,0.11250684288430257,1
