,mean_fit_time,std_fit_time,mean_score_time,std_score_time,param_colsample_bytree,param_max_depth,param_n_estimators,params,split0_test_score,split1_test_score,split2_test_score,split3_test_score,split4_test_score,mean_test_score,std_test_score,rank_test_score
0,0.02000579833984375,0.012080234682570306,0.0009632587432861328,8.180549689779322e-05,0.49254650840985914,3,83,"{'colsample_bytree': 0.49254650840985914, 'max_depth': 3, 'n_estimators': 83}",-0.4764302069441273,-0.46368777066313216,-0.5391240727381372,-0.4087397374396758,-0.5990311821351029,-0.4974025939840351,0.06558457772880051,3
1,0.044121503829956055,0.0004468686494280812,0.0010280132293701172,7.880662771021508e-06,0.7430773320320911,5,143,"{'colsample_bytree': 0.7430773320320911, 'max_depth': 5, 'n_estimators': 143}",-0.4259889180341732,-0.437144382061683,-0.4693279689401058,-0.44397575295802655,-0.695067967957888,-0.49430099799037536,0.1013874525864126,2
2,0.032790088653564455,0.00044236997076920766,0.001010560989379883,5.289669602162703e-06,0.6998861368430609,4,147,"{'colsample_bytree': 0.6998861368430609, 'max_depth': 4, 'n_estimators': 147}",-0.45731999044285193,-0.4785260180463482,-0.5549043281488544,-0.45711535798100683,-0.6788751838568933,-0.5253481756951909,0.0847584499997308,5
3,0.010232114791870117,0.00014773655686029373,0.0009305953979492187,7.474945284309434e-06,0.41170400574303107,3,57,"{'colsample_bytree': 0.41170400574303107, 'max_depth': 3, 'n_estimators': 57}",-0.4723458548330492,-0.42627311419039743,-0.5577020063879031,-0.42782032716704427,-0.5632252823132053,-0.48947331697831986,0.06030458223708871,1
4,0.0402071475982666,0.004930162056477049,0.0010506629943847657,5.5655986988039314e-05,0.8239044688872399,5,120,"{'colsample_bytree': 0.8239044688872399, 'max_depth': 5, 'n_estimators': 120}",-0.46816406924762966,-0.4278227956343909,-0.47463598370584387,-0.4086513406049997,-0.7089216155337855,-0.4976391609453299,0.1084724479716165,4
