,mean_fit_time,std_fit_time,mean_score_time,std_score_time,param_colsample_bytree,param_max_depth,param_n_estimators,params,split0_test_score,split1_test_score,split2_test_score,split3_test_score,split4_test_score,mean_test_score,std_test_score,rank_test_score
0,0.019579458236694335,0.013036806294869002,0.000989246368408203,6.791045099218598e-05,0.5318811050833346,3,66,"OrderedDict([('colsample_bytree', 0.5318811050833346), ('max_depth', 3), ('n_estimators', 66)])",-0.4603581899033206,-0.45359862113097155,-0.5142330304998723,-0.4001857569344966,-0.5936531990246194,-0.48440575949865605,0.06549052351006855,1
1,0.04635343551635742,0.0009317960131627205,0.0012024402618408202,0.00010037219437388738,0.28035854418846373,5,144,"OrderedDict([('colsample_bytree', 0.28035854418846373), ('max_depth', 5), ('n_estimators', 144)])",-0.482467913985652,-0.49027906383162395,-0.5534729212705392,-0.4261537145837293,-0.6686529073883976,-0.5242053042119884,0.0827391288684811,5
2,0.02999849319458008,0.0004160121345195195,0.0011393070220947266,0.00017285932991354676,0.5615154526090387,5,88,"OrderedDict([('colsample_bytree', 0.5615154526090387), ('max_depth', 5), ('n_estimators', 88)])",-0.45567827482974654,-0.4510861702070365,-0.5489289018497285,-0.4662859641805135,-0.6636102591785451,-0.5171179140491141,0.08147497004116895,2
3,0.03491535186767578,0.0004997848427999317,0.001144552230834961,0.00016730303123685042,0.686245943300492,4,138,"OrderedDict([('colsample_bytree', 0.686245943300492), ('max_depth', 4), ('n_estimators', 138)])",-0.4534755796390413,-0.47675312196036473,-0.5523930585491014,-0.4563885986502852,-0.6734639602726615,-0.5224948638142908,0.08356025007584214,4
4,0.01849789619445801,0.00017746271135406328,0.0010094165802001954,3.804831861103105e-05,0.2441260065161847,3,102,"OrderedDict([('colsample_bytree', 0.2441260065161847), ('max_depth', 3), ('n_estimators', 102)])",-0.4906598902955341,-0.4792209999689812,-0.5723191025201301,-0.4652127394685314,-0.5867428255072732,-0.51883111155209,0.050419191865262676,3
