,mean_fit_time,std_fit_time,mean_score_time,std_score_time,param_colsample_bytree,param_max_depth,param_n_estimators,params,split0_test_score,split1_test_score,split2_test_score,split3_test_score,split4_test_score,mean_test_score,std_test_score,rank_test_score
0,0.039963293075561526,0.01213562520479795,0.001572418212890625,0.00012234571057755098,0.5756318160453838,4,72,"{'colsample_bytree': 0.5756318160453838, 'max_depth': 4, 'n_estimators': 72}",0.8824600350024078,0.7606348473353785,0.6720378162173394,0.5803096925623562,0.6555904760499511,0.7102065734334866,0.10346713257076538,3
1,0.06766462326049805,0.0020060669873852572,0.0018267154693603516,7.224002686611797e-05,0.5107131882359732,5,113,"{'colsample_bytree': 0.5107131882359732, 'max_depth': 5, 'n_estimators': 113}",0.9226736395686167,0.7893596287203343,0.6499766245909303,0.5805215126194488,0.6622686954877639,0.7209600201974188,0.12130389865510961,1
2,0.017220592498779295,0.0004408940281634532,0.0013946056365966796,5.271900062437953e-05,0.23913953001137644,3,50,"{'colsample_bytree': 0.23913953001137644, 'max_depth': 3, 'n_estimators': 50}",0.7131196652102577,0.6953057708871663,0.6008310985479935,0.5074178403755868,0.6131253204423935,0.6259599390926796,0.07382963832422854,4
3,0.04662265777587891,0.0007350365464768899,0.0016105175018310547,3.608337397875343e-05,0.5602470087056683,4,100,"{'colsample_bytree': 0.5602470087056683, 'max_depth': 4, 'n_estimators': 100}",0.8904787140081257,0.7893596287203343,0.6507122507122507,0.5725684323446919,0.6555904760499511,0.7117419003670707,0.11332979757900005,2
