,mean_fit_time,std_fit_time,mean_score_time,std_score_time,param_colsample_bytree,param_max_depth,param_n_estimators,params,split0_test_score,split1_test_score,split2_test_score,split3_test_score,split4_test_score,mean_test_score,std_test_score,rank_test_score
0,0.031026601791381836,0.012170615137594926,0.0016815662384033203,0.00010342783726193047,0.5318811050833346,3,66,"OrderedDict([('colsample_bytree', 0.5318811050833346), ('max_depth', 3), ('n_estimators', 66)])",0.4339622641509434,0.3191489361702127,0.41509433962264153,0.5,0.425531914893617,0.418747490967483,0.05798742206300616,4
1,0.06176261901855469,0.0007005497765918865,0.0018588542938232423,9.170517052655353e-05,0.28035854418846373,5,144,"OrderedDict([('colsample_bytree', 0.28035854418846373), ('max_depth', 5), ('n_estimators', 144)])",0.5504587155963303,0.3595505617977528,0.46846846846846857,0.43564356435643564,0.4301075268817204,0.4488457674201415,0.061982731796597315,2
2,0.05025539398193359,0.0007695036905463685,0.0018095970153808594,9.366094161590502e-05,0.5615154526090387,5,88,"OrderedDict([('colsample_bytree', 0.5615154526090387), ('max_depth', 5), ('n_estimators', 88)])",0.48598130841121495,0.4166666666666667,0.45454545454545453,0.4130434782608696,0.3913043478260869,0.4323082511420585,0.033682045715877504,3
3,0.06745319366455078,0.0005518632243548953,0.001862812042236328,0.00018095906701058375,0.686245943300492,4,138,"OrderedDict([('colsample_bytree', 0.686245943300492), ('max_depth', 4), ('n_estimators', 138)])",0.4955752212389381,0.3829787234042553,0.4821428571428571,0.47524752475247517,0.42424242424242425,0.45203735015618995,0.042147957980303276,1
