,mean_fit_time,std_fit_time,mean_score_time,std_score_time,param_colsample_bytree,param_max_depth,param_n_estimators,params,split0_test_score,split1_test_score,split2_test_score,split3_test_score,split4_test_score,mean_test_score,std_test_score,rank_test_score
0,0.028878498077392577,0.012144264836762416,0.001474618911743164,0.0001444608056407289,0.5318811050833346,3,66,"OrderedDict([('colsample_bytree', 0.5318811050833346), ('max_depth', 3), ('n_estimators', 66)])",0.8622152759944863,0.7470182046453232,0.6950431034482758,0.5805215126194488,0.6489201315987415,0.7067436456612551,0.09508517894611435,3
1,0.06870183944702149,0.001292065733314694,0.0018657684326171876,6.212139626687165e-05,0.28035854418846373,5,144,"OrderedDict([('colsample_bytree', 0.28035854418846373), ('max_depth', 5), ('n_estimators', 144)])",0.8378289418862389,0.6750796937132341,0.655054204287206,0.5495160665892374,0.6261843238587425,0.6687326460669317,0.09470363729894406,4
2,0.05180902481079101,0.0006271082584438131,0.001655721664428711,1.813962756382908e-05,0.5615154526090387,5,88,"OrderedDict([('colsample_bytree', 0.5615154526090387), ('max_depth', 5), ('n_estimators', 88)])",0.904716292647327,0.7799687010954616,0.6499766245909303,0.588361348894547,0.6622686954877639,0.717058332543206,0.11246154714616473,2
3,0.06387057304382324,0.0008112034207529488,0.0017459869384765625,2.5382521630354534e-05,0.686245943300492,4,138,"OrderedDict([('colsample_bytree', 0.686245943300492), ('max_depth', 4), ('n_estimators', 138)])",0.9127484437357353,0.7893168821747109,0.651670956146378,0.60305752086574,0.6415928123245197,0.7196773230494168,0.11528084043247903,1
4,0.03313288688659668,0.00012115376571735645,0.0015606403350830079,0.00014451025059881843,0.2441260065161847,3,102,"OrderedDict([('colsample_bytree', 0.2441260065161847), ('max_depth', 3), ('n_estimators', 102)])",0.7406306306306306,0.657511426319937,0.6595243543155725,0.542495126705653,0.6157347965153349,0.6431792668974257,0.06459076715845777,5
