,mean_fit_time,std_fit_time,mean_score_time,std_score_time,param_colsample_bytree,param_max_depth,param_n_estimators,params,split0_test_score,split1_test_score,split2_test_score,split3_test_score,split4_test_score,mean_test_score,std_test_score,rank_test_score
0,0.05420918464660644,0.012438882323909176,0.0016253471374511718,8.438177500831838e-05,0.540290486380152,4,117,"OrderedDict([('colsample_bytree', 0.540290486380152), ('max_depth', 4), ('n_estimators', 117)])",0.4864864864864864,0.37499999999999994,0.4339622641509434,0.4347826086956521,0.4042553191489362,0.4268973356964036,0.03706467860900636,2
1,0.04126310348510742,0.0003520168411033107,0.001561450958251953,1.2006831604466968e-05,0.5042306171007311,4,101,"OrderedDict([('colsample_bytree', 0.5042306171007311), ('max_depth', 4), ('n_estimators', 101)])",0.5,0.37499999999999994,0.40740740740740744,0.42424242424242425,0.3829787234042554,0.4179257110108174,0.044610835227287864,3
2,0.04774618148803711,0.00016172732025945493,0.0015897274017333985,1.09676692718411e-05,0.5341441045825408,5,94,"OrderedDict([('colsample_bytree', 0.5341441045825408), ('max_depth', 5), ('n_estimators', 94)])",0.5185185185185185,0.3655913978494623,0.4444444444444444,0.4301075268817204,0.37894736842105264,0.42752185122303965,0.05434761222605914,1
