,mean_fit_time,std_fit_time,mean_score_time,std_score_time,param_colsample_bytree,param_max_depth,param_n_estimators,params,split0_test_score,split1_test_score,split2_test_score,split3_test_score,split4_test_score,mean_test_score,std_test_score,rank_test_score
0,0.024761533737182616,0.012847710831767438,0.0010748863220214843,0.00013950283226674817,0.5756318160453838,4,72,"{'colsample_bytree': 0.5756318160453838, 'max_depth': 4, 'n_estimators': 72}",-0.4683502183792028,-0.4225198436004905,-0.5473905393731648,-0.4355795538983533,-0.6380279906860821,-0.5023736291874588,0.08052862353919958,2
1,0.03723201751708984,0.0006101894088757511,0.001160430908203125,0.00018439875535068893,0.5107131882359732,5,113,"{'colsample_bytree': 0.5107131882359732, 'max_depth': 5, 'n_estimators': 113}",-0.47274301406836616,-0.4335911869064278,-0.538478707970036,-0.4098154011792238,-0.6961274952188654,-0.5101511610685838,0.10268175163650684,3
2,0.009651708602905273,0.00026678011587232903,0.0009535789489746094,1.2498774237901372e-05,0.23913953001137644,3,50,"{'colsample_bytree': 0.23913953001137644, 'max_depth': 3, 'n_estimators': 50}",-0.46844238953237927,-0.4634373734938167,-0.5521389881304869,-0.41762253562241836,-0.5584668357506881,-0.4920216245059579,0.054657712467840826,1
3,0.025028562545776366,0.0003313217683876797,0.00108489990234375,0.00014015294574617007,0.5602470087056683,4,100,"{'colsample_bytree': 0.5602470087056683, 'max_depth': 4, 'n_estimators': 100}",-0.47220796379095004,-0.4329852567470338,-0.5616868352702608,-0.4364497306902855,-0.6587806183325725,-0.5124220809662206,0.0866568170951611,4
4,0.027958202362060546,0.0003234533541108595,0.0010462760925292968,1.5558050004092642e-05,0.25803364769135745,4,123,"{'colsample_bytree': 0.25803364769135745, 'max_depth': 4, 'n_estimators': 123}",-0.48282577768069673,-0.5715752233719372,-0.6130250135411464,-0.4485038955290881,-0.665418005826887,-0.5562695831899511,0.08046894514601376,5
