,mean_fit_time,std_fit_time,mean_score_time,std_score_time,param_colsample_bytree,param_max_depth,param_n_estimators,params,split0_test_score,split1_test_score,split2_test_score,split3_test_score,split4_test_score,mean_test_score,std_test_score,rank_test_score
0,0.028739070892333983,0.018551618089487486,0.0009897708892822265,8.048604439675197e-05,0.24893394714817285,5,69,"{'colsample_bytree': 0.24893394714817285, 'max_depth': 5, 'n_estimators': 69}",-0.4423995177815741,-0.5381218840045684,-0.6026418371937665,-0.44005170394286197,-0.6749509997436034,-0.5396331885332749,0.09127337254559477,6
1,0.019083833694458006,0.00021017636188551037,0.000948953628540039,6.588985474952174e-06,0.5492374004515241,3,114,"{'colsample_bytree': 0.5492374004515241, 'max_depth': 3, 'n_estimators': 114}",-0.4320726946399693,-0.4534779583079532,-0.5020895655132231,-0.422964568397079,-0.641710644681923,-0.49046308630802954,0.08042933094994577,1
2,0.024728059768676758,0.00020324195910519457,0.0009823322296142578,9.659219118612842e-06,0.6322319349300687,5,82,"{'colsample_bytree': 0.6322319349300687, 'max_depth': 5, 'n_estimators': 82}",-0.4545503314740755,-0.4486473705567067,-0.547723451403827,-0.4674066536946411,-0.6706979170697266,-0.5178051448397953,0.08437450081066424,4
3,0.04259271621704101,0.00042646971371751154,0.0010451316833496095,8.036651432431576e-06,0.7954368731714103,5,137,"{'colsample_bytree': 0.7954368731714103, 'max_depth': 5, 'n_estimators': 137}",-0.4251965872886787,-0.4369794155025457,-0.4692271360182479,-0.4450864121933131,-0.6943023829851558,-0.4941583867975883,0.10110629032536043,2
4,0.03507289886474609,0.00027851782887040866,0.001011228561401367,3.350099195528087e-06,0.28353440355485066,5,121,"{'colsample_bytree': 0.28353440355485066, 'max_depth': 5, 'n_estimators': 121}",-0.4825112091814692,-0.49036024395404154,-0.552199963975416,-0.42443051272017085,-0.6686098034084943,-0.5236223466479184,0.08303439750774362,5
5,0.025698328018188478,0.0004556688817169883,0.0009853363037109375,5.582050562538871e-06,0.34506944069259743,5,87,"{'colsample_bytree': 0.34506944069259743, 'max_depth': 5, 'n_estimators': 87}",-0.4786825712929366,-0.4925828896400475,-0.5448458305891102,-0.41492051408737524,-0.6573234105623924,-0.5176710432343723,0.081176893760705,3
