,mean_fit_time,std_fit_time,mean_score_time,std_score_time,param_colsample_bytree,param_max_depth,param_n_estimators,params,split0_test_score,split1_test_score,split2_test_score,split3_test_score,split4_test_score,mean_test_score,std_test_score,rank_test_score
0,0.037465906143188475,0.014414514486833747,0.0014452934265136719,0.0001197741477377846,0.8880547778120618,5,56,"{'colsample_bytree': 0.8880547778120618, 'max_depth': 5, 'n_estimators': 56}",0.9046299548582653,0.7889544196883648,0.6656898656898658,0.5803096925623562,0.6555904760499511,0.7190348817697606,0.11441139315279113,1
1,0.016744184494018554,0.00015607211624901285,0.0013145923614501954,3.5949853563252955e-06,0.9384376445376987,3,50,"{'colsample_bytree': 0.9384376445376987, 'max_depth': 3, 'n_estimators': 50}",0.8513519563076372,0.7433291346997978,0.7054110888854694,0.5721435534349187,0.6298726480214684,0.7004216762698583,0.09599826648882376,3
2,0.025088787078857422,5.4055123399668884e-05,0.0013569831848144532,1.4216306311924741e-05,0.89866196936777,3,77,"{'colsample_bytree': 0.89866196936777, 'max_depth': 3, 'n_estimators': 77}",0.8921837228041903,0.7618357487922705,0.6911360799001248,0.5955481057613882,0.6489201315987415,0.7179247577713431,0.10271288008739024,2
