,mean_fit_time,std_fit_time,mean_score_time,std_score_time,param_colsample_bytree,param_max_depth,param_n_estimators,params,split0_test_score,split1_test_score,split2_test_score,split3_test_score,split4_test_score,mean_test_score,std_test_score,rank_test_score
0,0.043844413757324216,0.014095300417790417,0.001048135757446289,9.179485610824194e-05,0.590534468935032,5,123,"{'colsample_bytree': 0.590534468935032, 'max_depth': 5, 'n_estimators': 123}",-0.4551787879698012,-0.45441810385983583,-0.5506334683645822,-0.4677897538091207,-0.6769860380449707,-0.5210012304096622,0.08579824899279727,2
1,0.011253690719604493,8.15022814628942e-05,0.0009313106536865234,7.601627843899161e-06,0.3399546611947787,3,65,"{'colsample_bytree': 0.3399546611947787, 'max_depth': 3, 'n_estimators': 65}",-0.4611191115789488,-0.43608006581254255,-0.5509668481771012,-0.39054358782023774,-0.5509513067334227,-0.47793218402445065,0.06377601492646366,1
