,mean_fit_time,std_fit_time,mean_score_time,std_score_time,param_colsample_bytree,param_max_depth,param_n_estimators,params,split0_test_score,split1_test_score,split2_test_score,split3_test_score,split4_test_score,mean_test_score,std_test_score,rank_test_score
0,0.0395625114440918,0.011781346474815808,0.0016236305236816406,0.0002421876064561554,0.5756318160453838,4,72,"{'colsample_bytree': 0.5756318160453838, 'max_depth': 4, 'n_estimators': 72}",0.8824600350024078,0.7606348473353785,0.6720378162173394,0.5803096925623562,0.6555904760499511,0.7102065734334866,0.10346713257076538,4
1,0.06759018898010254,0.0017073379775340847,0.0018762111663818359,0.0001460509170386117,0.5107131882359732,5,113,"{'colsample_bytree': 0.5107131882359732, 'max_depth': 5, 'n_estimators': 113}",0.9226736395686167,0.7893596287203343,0.6499766245909303,0.5805215126194488,0.6622686954877639,0.7209600201974188,0.12130389865510961,1
2,0.017765140533447264,0.00019500410516825115,0.001439809799194336,7.750796961358699e-05,0.23913953001137644,3,50,"{'colsample_bytree': 0.23913953001137644, 'max_depth': 3, 'n_estimators': 50}",0.7131196652102577,0.6953057708871663,0.6008310985479935,0.5074178403755868,0.6131253204423935,0.6259599390926796,0.07382963832422854,6
3,0.04789891242980957,0.00041734077139059716,0.0017477512359619141,0.0001421685489088943,0.5602470087056683,4,100,"{'colsample_bytree': 0.5602470087056683, 'max_depth': 4, 'n_estimators': 100}",0.8904787140081257,0.7893596287203343,0.6507122507122507,0.5725684323446919,0.6555904760499511,0.7117419003670707,0.11332979757900005,3
4,0.051339006423950194,0.0007463039068051078,0.0018255233764648438,0.00015461428494470509,0.25803364769135745,4,123,"{'colsample_bytree': 0.25803364769135745, 'max_depth': 4, 'n_estimators': 123}",0.8426278582971918,0.6864115805946792,0.6702291014065476,0.5741885416060376,0.6160229019326147,0.6778959967674142,0.09148923300142428,5
5,0.061701202392578126,0.0006787101452723346,0.0018526077270507812,0.00022328969035747488,0.6296819621531882,4,133,"{'colsample_bytree': 0.6296819621531882, 'max_depth': 4, 'n_estimators': 133}",0.8928565721018552,0.7728267541025974,0.6582824582824583,0.5805215126194488,0.6622686954877639,0.7133511985188247,0.10866943874010518,2
