,mean_fit_time,std_fit_time,mean_score_time,std_score_time,param_colsample_bytree,param_max_depth,param_n_estimators,params,split0_test_score,split1_test_score,split2_test_score,split3_test_score,split4_test_score,mean_test_score,std_test_score,rank_test_score
0,0.028540325164794923,0.016059658378948023,0.0009892940521240234,8.331118920588036e-05,0.9685836112043449,4,89,"{'colsample_bytree': 0.9685836112043449, 'max_depth': 4, 'n_estimators': 89}",-0.49001495114037663,-0.46280203601561887,-0.569607692867709,-0.409402743286222,-0.6093288070988421,-0.5082312460817537,0.07231943660884502,1
