,mean_fit_time,std_fit_time,mean_score_time,std_score_time,param_colsample_bytree,param_max_depth,param_n_estimators,params,split0_test_score,split1_test_score,split2_test_score,split3_test_score,split4_test_score,mean_test_score,std_test_score,rank_test_score
0,0.04528441429138184,0.01474041696722025,0.0015672683715820313,8.952998281481342e-05,0.6417336381442122,5,70,"OrderedDict([('colsample_bytree', 0.6417336381442122), ('max_depth', 5), ('n_estimators', 70)])",0.49541284403669733,0.3956043956043956,0.4403669724770642,0.44000000000000006,0.41237113402061853,0.4367510692277551,0.033918325790574334,2
1,0.03353104591369629,0.00012537703834721172,0.001539897918701172,1.4912429363805842e-05,0.5390522068663581,3,102,"OrderedDict([('colsample_bytree', 0.5390522068663581), ('max_depth', 3), ('n_estimators', 102)])",0.4909090909090909,0.36170212765957444,0.4403669724770642,0.4854368932038835,0.4130434782608696,0.43829171250209653,0.04795623237170001,1
