,mean_fit_time,std_fit_time,mean_score_time,std_score_time,param_colsample_bytree,param_max_depth,param_n_estimators,params,split0_test_score,split1_test_score,split2_test_score,split3_test_score,split4_test_score,mean_test_score,std_test_score,rank_test_score
0,0.03217215538024902,0.015145023786693777,0.0010225772857666016,8.056219881985184e-05,0.21693456591160373,4,120,"{'colsample_bytree': 0.21693456591160373, 'max_depth': 4, 'n_estimators': 120}",-0.4839466698982111,-0.5689232682651113,-0.6117753575279823,-0.4491210481904145,-0.666320705007455,-0.5560174097778348,0.08007914900464343,3
1,0.02141909599304199,0.0002738733385788931,0.0009667873382568359,5.035093327031821e-06,0.27707136192083237,5,73,"{'colsample_bytree': 0.27707136192083237, 'max_depth': 5, 'n_estimators': 73}",-0.4755516601033767,-0.4898961933857921,-0.5376268711880803,-0.4090724094385001,-0.6592854793461922,-0.5142865226923883,0.08334837331330214,1
2,0.04350523948669434,0.00018683447381943695,0.0010407447814941406,8.812332557891894e-06,0.45155894474044733,5,148,"{'colsample_bytree': 0.45155894474044733, 'max_depth': 5, 'n_estimators': 148}",-0.543851182127791,-0.4324558076979024,-0.5671295531696592,-0.44966196214660425,-0.6292905427211583,-0.524477809572623,0.07381824663482481,2
