,mean_fit_time,std_fit_time,mean_score_time,std_score_time,param_colsample_bytree,param_max_depth,param_n_estimators,params,split0_test_score,split1_test_score,split2_test_score,split3_test_score,split4_test_score,mean_test_score,std_test_score,rank_test_score
0,0.06075901985168457,0.013626986741778495,0.0015869617462158203,9.430790274919716e-05,0.7166654830552377,4,129,"OrderedDict([('colsample_bytree', 0.7166654830552377), ('max_depth', 4), ('n_estimators', 129)])",0.9025909626231946,0.7893168821747109,0.6591388030800516,0.5955481057613882,0.6482059664095838,0.7189601440097857,0.1117905414719643,2
1,0.046506071090698244,0.0002874988247985904,0.001491689682006836,2.2474463843440676e-05,0.7469007564745165,4,110,"OrderedDict([('colsample_bytree', 0.7469007564745165), ('max_depth', 4), ('n_estimators', 110)])",0.9127484437357353,0.7893168821747109,0.651670956146378,0.5955481057613882,0.6482059664095838,0.7194980708455592,0.11598883439823066,1
