,mean_fit_time,std_fit_time,mean_score_time,std_score_time,param_colsample_bytree,param_max_depth,param_n_estimators,params,split0_test_score,split1_test_score,split2_test_score,split3_test_score,split4_test_score,mean_test_score,std_test_score,rank_test_score
0,0.04109835624694824,0.012285915531632708,0.001777315139770508,9.642321773375958e-05,0.5756318160453838,4,72,"{'colsample_bytree': 0.5756318160453838, 'max_depth': 4, 'n_estimators': 72}",0.5090909090909091,0.3440860215053763,0.4482758620689655,0.4375,0.46,0.4397905585330502,0.05375419156497391,4
1,0.06395363807678223,0.0007172660867807016,0.0018300533294677735,3.664840236340719e-05,0.5107131882359732,5,113,"{'colsample_bytree': 0.5107131882359732, 'max_depth': 5, 'n_estimators': 113}",0.5137614678899082,0.40425531914893614,0.45454545454545453,0.4536082474226804,0.4044943820224719,0.44613297420589026,0.040466709886485035,1
2,0.015593338012695312,8.117141114460133e-05,0.001588296890258789,2.1126307828736613e-05,0.23913953001137644,3,50,"{'colsample_bytree': 0.23913953001137644, 'max_depth': 3, 'n_estimators': 50}",0.39175257731958757,0.4130434782608695,0.45714285714285713,0.4130434782608696,0.4044943820224719,0.41589535460133115,0.022047579158971334,6
3,0.0477414608001709,0.0008024633925782249,0.0017724037170410156,2.688363749130421e-05,0.5602470087056683,4,100,"{'colsample_bytree': 0.5602470087056683, 'max_depth': 4, 'n_estimators': 100}",0.4955752212389381,0.3440860215053763,0.4672897196261682,0.44210526315789467,0.4516129032258064,0.44013382575083676,0.0513264598259746,3
4,0.04428086280822754,0.0005820024912547406,0.0017744541168212891,3.908889873137259e-05,0.25803364769135745,4,123,"{'colsample_bytree': 0.25803364769135745, 'max_depth': 4, 'n_estimators': 123}",0.49056603773584895,0.3829787234042553,0.46846846846846857,0.4731182795698926,0.38636363636363635,0.4402990291084203,0.0460261593175344,2
5,0.0653806209564209,0.0005141372560869241,0.001836872100830078,2.919458622449515e-05,0.6296819621531882,4,133,"{'colsample_bytree': 0.6296819621531882, 'max_depth': 4, 'n_estimators': 133}",0.49541284403669733,0.3595505617977528,0.40740740740740744,0.43298969072164945,0.4489795918367347,0.42886801916004835,0.0449780946724658,5
