,mean_fit_time,std_fit_time,mean_score_time,std_score_time,param_colsample_bytree,param_max_depth,param_n_estimators,params,split0_test_score,split1_test_score,split2_test_score,split3_test_score,split4_test_score,mean_test_score,std_test_score,rank_test_score
0,0.026548004150390624,0.014839564598490519,0.0016003131866455078,6.0204992046259866e-05,0.2004392593142532,4,59,"{'colsample_bytree': 0.2004392593142532, 'max_depth': 4, 'n_estimators': 59}",0.4716981132075471,0.36363636363636365,0.4761904761904762,0.4044943820224719,0.4090909090909091,0.42502204882955363,0.04298895581183802,5
1,0.023893070220947266,0.00019048307011409706,0.0014720439910888671,8.244457928633016e-06,0.33489463875760733,5,52,"{'colsample_bytree': 0.33489463875760733, 'max_depth': 5, 'n_estimators': 52}",0.47619047619047616,0.3655913978494623,0.45045045045045046,0.4375,0.4318181818181818,0.43231010126171415,0.03669638126911868,4
2,0.04752230644226074,0.00023892192160546692,0.0015445232391357421,1.534008186624891e-05,0.5213520795278904,3,149,"{'colsample_bytree': 0.5213520795278904, 'max_depth': 3, 'n_estimators': 149}",0.5045045045045046,0.3695652173913043,0.4324324324324324,0.4854368932038835,0.44680851063829785,0.44774951163408455,0.046882299878940326,2
3,0.06961030960083008,0.0002821973063433624,0.0016065597534179687,2.1106495382912504e-05,0.9852046256519875,4,137,"{'colsample_bytree': 0.9852046256519875, 'max_depth': 4, 'n_estimators': 137}",0.4864864864864864,0.3673469387755102,0.44247787610619466,0.5242718446601943,0.4536082474226804,0.4548382786902132,0.052214282009909935,1
4,0.05991306304931641,0.0002522698231501542,0.0015854835510253906,3.622989774987275e-05,0.5804052305935559,4,144,"{'colsample_bytree': 0.5804052305935559, 'max_depth': 4, 'n_estimators': 144}",0.49541284403669733,0.3736263736263736,0.4736842105263158,0.4897959183673469,0.39175257731958757,0.44485438477526423,0.0515757493879062,3
