,mean_fit_time,std_fit_time,mean_score_time,std_score_time,param_colsample_bytree,param_max_depth,param_n_estimators,params,split0_test_score,split1_test_score,split2_test_score,split3_test_score,split4_test_score,mean_test_score,std_test_score,rank_test_score
0,0.05649776458740234,0.014451771001056228,0.0015851974487304688,9.180624949177981e-05,0.6948357602752013,4,118,"OrderedDict([('colsample_bytree', 0.6948357602752013), ('max_depth', 4), ('n_estimators', 118)])",0.9025909626231946,0.7893168821747109,0.651670956146378,0.5955481057613882,0.6548198366134907,0.7187893486638324,0.11184144787637508,1
1,0.019381380081176756,0.00013744276693963318,0.001340770721435547,2.886641562122563e-05,0.5143434497683306,3,59,"OrderedDict([('colsample_bytree', 0.5143434497683306), ('max_depth', 3), ('n_estimators', 59)])",0.8385285285285285,0.7545622317784705,0.694046697626419,0.5822874369385997,0.6232882362646428,0.6985426262273322,0.09157833222808248,3
2,0.03817095756530762,0.0002651143244599575,0.0014498710632324218,1.1089309204216357e-05,0.7022866744136924,4,90,"OrderedDict([('colsample_bytree', 0.7022866744136924), ('max_depth', 4), ('n_estimators', 90)])",0.9025909626231946,0.7774833445617185,0.6513134416360222,0.5805215126194488,0.6415928123245197,0.7107004147529807,0.11535264359854602,2
