,mean_fit_time,std_fit_time,mean_score_time,std_score_time,param_colsample_bytree,param_max_depth,param_n_estimators,params,split0_test_score,split1_test_score,split2_test_score,split3_test_score,split4_test_score,mean_test_score,std_test_score,rank_test_score
0,0.06081767082214355,0.015184468060286982,0.0016055583953857421,9.40178991687783e-05,0.2864477956776151,4,145,"OrderedDict([('colsample_bytree', 0.2864477956776151), ('max_depth', 4), ('n_estimators', 145)])",0.8378289418862389,0.6750796937132341,0.6617462319560703,0.5440884209058262,0.5984065460809648,0.6634299669084668,0.09901919352299737,4
1,0.04091200828552246,0.0004102206709539269,0.0014848709106445312,3.35037066744584e-05,0.40925218672071245,4,98,"OrderedDict([('colsample_bytree', 0.40925218672071245), ('max_depth', 4), ('n_estimators', 98)])",0.9145145360072142,0.7423741676459068,0.6646304088099318,0.6146873007592882,0.6756653463970537,0.722374351923879,0.10433641561858445,1
2,0.04729371070861817,0.00017247677897402417,0.0014735221862792968,1.6190429749437922e-05,0.5133463192492744,3,148,"OrderedDict([('colsample_bytree', 0.5133463192492744), ('max_depth', 3), ('n_estimators', 148)])",0.8824600350024078,0.7676128182977497,0.6739733814874264,0.5822874369385997,0.6622686954877639,0.7137204734427894,0.10283888790496637,3
3,0.050133800506591795,0.00025672952452142627,0.0015289783477783203,8.864555388353158e-06,0.43958048002731526,4,121,"OrderedDict([('colsample_bytree', 0.43958048002731526), ('max_depth', 4), ('n_estimators', 121)])",0.9145145360072142,0.7519201228878648,0.6570955925794636,0.5822874369385997,0.6767425219688178,0.7165120420763921,0.11277135595033086,2
