,mean_fit_time,std_fit_time,mean_score_time,std_score_time,param_colsample_bytree,param_max_depth,param_n_estimators,params,split0_test_score,split1_test_score,split2_test_score,split3_test_score,split4_test_score,mean_test_score,std_test_score,rank_test_score
0,0.039467668533325194,0.01301310766782012,0.001549530029296875,0.00010231156565150482,0.5756318160453838,4,72,"{'colsample_bytree': 0.5756318160453838, 'max_depth': 4, 'n_estimators': 72}",0.8824600350024078,0.7606348473353785,0.6720378162173394,0.5803096925623562,0.6555904760499511,0.7102065734334866,0.10346713257076538,3
1,0.06542744636535644,0.0013193004268931983,0.0017943859100341796,7.130180960994202e-05,0.5107131882359732,5,113,"{'colsample_bytree': 0.5107131882359732, 'max_depth': 5, 'n_estimators': 113}",0.9226736395686167,0.7893596287203343,0.6499766245909303,0.5805215126194488,0.6622686954877639,0.7209600201974188,0.12130389865510961,1
2,0.01711616516113281,0.00041966092895275796,0.001535940170288086,0.00017208803983150827,0.23913953001137644,3,50,"{'colsample_bytree': 0.23913953001137644, 'max_depth': 3, 'n_estimators': 50}",0.7131196652102577,0.6953057708871663,0.6008310985479935,0.5074178403755868,0.6131253204423935,0.6259599390926796,0.07382963832422854,5
3,0.04688825607299805,0.00029749428922665725,0.0016303539276123046,3.3178890044807495e-05,0.5602470087056683,4,100,"{'colsample_bytree': 0.5602470087056683, 'max_depth': 4, 'n_estimators': 100}",0.8904787140081257,0.7893596287203343,0.6507122507122507,0.5725684323446919,0.6555904760499511,0.7117419003670707,0.11332979757900005,2
4,0.049538803100585935,0.0005597711491630913,0.0017405509948730468,0.0001394802565226875,0.25803364769135745,4,123,"{'colsample_bytree': 0.25803364769135745, 'max_depth': 4, 'n_estimators': 123}",0.8426278582971918,0.6864115805946792,0.6702291014065476,0.5741885416060376,0.6160229019326147,0.6778959967674142,0.09148923300142428,4
