,mean_fit_time,std_fit_time,mean_score_time,std_score_time,param_colsample_bytree,param_max_depth,param_n_estimators,params,split0_test_score,split1_test_score,split2_test_score,split3_test_score,split4_test_score,mean_test_score,std_test_score,rank_test_score
0,0.05202131271362305,0.015017847811618617,0.0014960765838623047,0.00012235273532582844,0.8338573270206804,3,141,"{'colsample_bytree': 0.8338573270206804, 'max_depth': 3, 'n_estimators': 141}",0.8948717948717949,0.7644864042124316,0.6458104281192737,0.5955481057613882,0.6555904760499511,0.7112614418029679,0.1070685071676227,2
1,0.059340810775756835,0.0013270384846424145,0.001580190658569336,1.1918449143928282e-05,0.5329990265119817,4,145,"{'colsample_bytree': 0.5329990265119817, 'max_depth': 4, 'n_estimators': 145}",0.8928565721018552,0.7728267541025974,0.6585388864333661,0.5805215126194488,0.6622686954877639,0.7134024841490063,0.10864349482072211,1
2,0.04321365356445313,0.000440416216181695,0.001508188247680664,1.6075424631662173e-05,0.22287877794888625,4,119,"{'colsample_bytree': 0.22287877794888625, 'max_depth': 4, 'n_estimators': 119}",0.8323459274163499,0.6864115805946792,0.661971072472688,0.5741885416060376,0.6224871930754284,0.6754808630330367,0.08715171471293529,4
3,0.02375197410583496,0.00010574706612765223,0.001351165771484375,5.237400137995141e-06,0.45642469135448965,3,76,"{'colsample_bytree': 0.45642469135448965, 'max_depth': 3, 'n_estimators': 76}",0.8478057290735741,0.7174955528051709,0.6936535109682579,0.5663751334483041,0.6296698796698796,0.6909999611930374,0.09443498624125796,3
