,mean_fit_time,std_fit_time,mean_score_time,std_score_time,param_colsample_bytree,param_max_depth,param_n_estimators,params,split0_test_score,split1_test_score,split2_test_score,split3_test_score,split4_test_score,mean_test_score,std_test_score,rank_test_score
0,0.08331527709960937,0.014977946568338934,0.0018583297729492187,5.0974895834967456e-05,0.6880919055855046,5,138,"{'colsample_bytree': 0.6880919055855046, 'max_depth': 5, 'n_estimators': 138}",0.5178571428571429,0.42857142857142855,0.4587155963302752,0.40816326530612246,0.4489795918367347,0.4524574049803407,0.037042938695721575,1
1,0.02249321937561035,0.0001241449547833153,0.00146331787109375,9.193934825893424e-06,0.5622233304364204,3,66,"{'colsample_bytree': 0.5622233304364204, 'max_depth': 3, 'n_estimators': 66}",0.45283018867924524,0.39583333333333337,0.4112149532710281,0.4680851063829787,0.4680851063829787,0.43920973760991283,0.030060974465373203,3
2,0.027648401260375977,0.0003249999570664742,0.0015100479125976563,1.1635803744453022e-05,0.2364935501542732,3,110,"{'colsample_bytree': 0.2364935501542732, 'max_depth': 3, 'n_estimators': 110}",0.4807692307692307,0.3870967741935483,0.5,0.46315789473684216,0.42105263157894735,0.4504153062557137,0.04102140737460728,2
3,0.01871805191040039,5.458263118348312e-05,0.0014823436737060546,2.4987632044426335e-05,0.2986470861683394,4,54,"{'colsample_bytree': 0.2986470861683394, 'max_depth': 4, 'n_estimators': 54}",0.4615384615384615,0.4081632653061224,0.42990654205607476,0.44210526315789467,0.3956043956043956,0.4274635855325898,0.023532761328834577,4
