,mean_fit_time,std_fit_time,mean_score_time,std_score_time,param_colsample_bytree,param_max_depth,param_n_estimators,params,split0_test_score,split1_test_score,split2_test_score,split3_test_score,split4_test_score,mean_test_score,std_test_score,rank_test_score
0,0.05647010803222656,0.014359832693356982,0.0016097545623779297,9.214702582322784e-05,0.36450033821158806,5,96,"OrderedDict([('colsample_bytree', 0.36450033821158806), ('max_depth', 5), ('n_estimators', 96)])",0.9145145360072142,0.7527908343125734,0.6477495236217886,0.5603618057376755,0.6466051857792033,0.704404377091691,0.12147947104119695,4
1,0.016172361373901368,7.322135395539137e-05,0.0013341903686523438,2.5565320848007573e-05,0.2149378253650288,3,53,"OrderedDict([('colsample_bytree', 0.2149378253650288), ('max_depth', 3), ('n_estimators', 53)])",0.725725561627201,0.7029017206182561,0.6147344929578968,0.49942423734718355,0.6316106435918161,0.6348793312284707,0.0795545904673724,6
2,0.018787622451782227,0.0017235013948143408,0.0013697147369384766,5.9066440669541764e-05,0.798066001644568,3,54,"OrderedDict([('colsample_bytree', 0.798066001644568), ('max_depth', 3), ('n_estimators', 54)])",0.8797597597597596,0.7452580449301761,0.6819413648681941,0.60305752086574,0.6290353627014243,0.7078104106250589,0.09880970357162973,2
3,0.022179508209228517,0.00012584757970887295,0.0013398170471191407,8.707469541336345e-06,0.44924372181923933,3,70,"OrderedDict([('colsample_bytree', 0.44924372181923933), ('max_depth', 3), ('n_estimators', 70)])",0.8513519563076372,0.7295048535769638,0.6907294743637395,0.5646909451257277,0.6228817947111343,0.6918318048170404,0.09776098870564823,5
4,0.017859983444213866,7.167964870824725e-05,0.001314258575439453,7.307597513177466e-06,0.6851965923459618,3,54,"OrderedDict([('colsample_bytree', 0.6851965923459618), ('max_depth', 3), ('n_estimators', 54)])",0.8797597597597596,0.7452580449301761,0.6819413648681941,0.60305752086574,0.6290353627014243,0.7078104106250589,0.09880970357162973,2
5,0.06570587158203126,0.0014364581135128012,0.0016179561614990234,2.5983206347043898e-05,0.7208078070843043,5,125,"OrderedDict([('colsample_bytree', 0.7208078070843043), ('max_depth', 5), ('n_estimators', 125)])",0.9126910126910127,0.7805908352637324,0.6334834301062527,0.5961159028130109,0.6614384292663255,0.7168639220280668,0.11577024206023304,1
