,mean_fit_time,std_fit_time,mean_score_time,std_score_time,param_colsample_bytree,param_max_depth,param_n_estimators,params,split0_test_score,split1_test_score,split2_test_score,split3_test_score,split4_test_score,mean_test_score,std_test_score,rank_test_score
0,0.03962941169738769,0.014362710069390818,0.0014896869659423828,0.00014831808059878238,0.5218129883389226,4,70,"OrderedDict([('colsample_bytree', 0.5218129883389226), ('max_depth', 4), ('n_estimators', 70)])",0.8824600350024078,0.7606348473353785,0.6715547244298997,0.5803096925623562,0.6555904760499511,0.7101099550759986,0.1035029490792582,4
1,0.05264754295349121,0.0006920296524909593,0.001546478271484375,2.4155744003092697e-05,0.602940808244774,5,100,"OrderedDict([('colsample_bytree', 0.602940808244774), ('max_depth', 5), ('n_estimators', 100)])",0.9126910126910127,0.7893596287203343,0.6577598219670971,0.588361348894547,0.6622686954877639,0.722088101552151,0.11528595870683064,1
2,0.04152841567993164,0.00016196378975686358,0.0014338016510009766,8.850950578170187e-06,0.37960388620533936,3,136,"OrderedDict([('colsample_bytree', 0.37960388620533936), ('max_depth', 3), ('n_estimators', 136)])",0.878777858891227,0.728036323694397,0.673015873015873,0.5725899492216978,0.6364679930018187,0.6977775995650026,0.10365388851288028,5
3,0.043663311004638675,0.0004217222446866707,0.0014724254608154297,1.8283083307147982e-05,0.5681618820967966,4,106,"OrderedDict([('colsample_bytree', 0.5681618820967966), ('max_depth', 4), ('n_estimators', 106)])",0.9009302653370449,0.7893596287203343,0.6582824582824583,0.5805215126194488,0.6555904760499511,0.7169368682018475,0.11393989231361139,2
4,0.029399013519287108,0.00163298238696302,0.0013738632202148437,1.0138369874928983e-05,0.5325597840538859,3,90,"OrderedDict([('colsample_bytree', 0.5325597840538859), ('max_depth', 3), ('n_estimators', 90)])",0.8718045776869306,0.7505446529537223,0.6960648148148149,0.5822874369385997,0.6555904760499511,0.7112583916888038,0.0972437730054732,3
