,mean_fit_time,std_fit_time,mean_score_time,std_score_time,param_colsample_bytree,param_max_depth,param_n_estimators,params,split0_test_score,split1_test_score,split2_test_score,split3_test_score,split4_test_score,mean_test_score,std_test_score,rank_test_score
0,0.03156194686889648,0.015628750168303084,0.0014334678649902343,0.0001543909032571913,0.3750268873353493,4,58,"{'colsample_bytree': 0.3750268873353493, 'max_depth': 4, 'n_estimators': 58}",0.8824600350024078,0.7468599033816425,0.6794810853634384,0.5814814814814815,0.6555904760499511,0.7091745962557843,0.10149533954117337,4
1,0.024727392196655273,0.001650352888480007,0.0013530254364013672,1.5443930378629347e-05,0.9934364979807866,4,56,"{'colsample_bytree': 0.9934364979807866, 'max_depth': 4, 'n_estimators': 56}",0.8797597597597596,0.7868155040286188,0.6732758999490803,0.5728217130656156,0.6482059664095838,0.7121757686425316,0.10833316423432732,3
2,0.033727073669433595,0.00026163879760328617,0.0014068126678466798,1.6139793214545634e-05,0.7757374750282462,4,81,"{'colsample_bytree': 0.7757374750282462, 'max_depth': 4, 'n_estimators': 81}",0.9025909626231946,0.7871565340897463,0.6513134416360222,0.5961159028130109,0.6415928123245197,0.7157539306972988,0.11311243441363719,2
3,0.07409224510192872,0.0012027245842423247,0.001687908172607422,1.4313536390245378e-05,0.7669968518421293,5,143,"{'colsample_bytree': 0.7669968518421293, 'max_depth': 5, 'n_estimators': 143}",0.9126910126910127,0.7718251356529624,0.6514673934510408,0.5961159028130109,0.6548198366134907,0.7173838562443036,0.11320237754738678,1
4,0.03184514045715332,0.001592063889526901,0.0014082908630371094,1.7459925017415137e-05,0.2654095413029133,3,107,"{'colsample_bytree': 0.2654095413029133, 'max_depth': 3, 'n_estimators': 107}",0.7894990178095201,0.6739459459459459,0.6595243543155725,0.5354402554850483,0.6157347965153349,0.6548288740142844,0.08283181361547375,5
