,mean_fit_time,std_fit_time,mean_score_time,std_score_time,param_colsample_bytree,param_max_depth,param_n_estimators,params,split0_test_score,split1_test_score,split2_test_score,split3_test_score,split4_test_score,mean_test_score,std_test_score,rank_test_score
0,0.03062267303466797,0.011761223259593594,0.001734447479248047,0.0001568706127346913,0.5318811050833346,3,66,"OrderedDict([('colsample_bytree', 0.5318811050833346), ('max_depth', 3), ('n_estimators', 66)])",0.4339622641509434,0.3191489361702127,0.41509433962264153,0.5,0.425531914893617,0.418747490967483,0.05798742206300616,6
1,0.06202907562255859,0.0006070673657390149,0.0018641948699951172,1.6595714298106814e-05,0.28035854418846373,5,144,"OrderedDict([('colsample_bytree', 0.28035854418846373), ('max_depth', 5), ('n_estimators', 144)])",0.5504587155963303,0.3595505617977528,0.46846846846846857,0.43564356435643564,0.4301075268817204,0.4488457674201415,0.061982731796597315,2
2,0.05015125274658203,0.0007804594455701788,0.00187225341796875,0.00023555221821841156,0.5615154526090387,5,88,"OrderedDict([('colsample_bytree', 0.5615154526090387), ('max_depth', 5), ('n_estimators', 88)])",0.48598130841121495,0.4166666666666667,0.45454545454545453,0.4130434782608696,0.3913043478260869,0.4323082511420585,0.033682045715877504,5
3,0.06931023597717285,0.003773130669437675,0.001951742172241211,0.0001577819066999095,0.686245943300492,4,138,"OrderedDict([('colsample_bytree', 0.686245943300492), ('max_depth', 4), ('n_estimators', 138)])",0.4955752212389381,0.3829787234042553,0.4821428571428571,0.47524752475247517,0.42424242424242425,0.45203735015618995,0.042147957980303276,1
4,0.030368566513061523,0.003950201114393627,0.0017653465270996093,9.768118297906968e-05,0.2441260065161847,3,102,"OrderedDict([('colsample_bytree', 0.2441260065161847), ('max_depth', 3), ('n_estimators', 102)])",0.47058823529411764,0.39583333333333337,0.5043478260869565,0.44210526315789467,0.4086021505376344,0.44429536168198736,0.03981201760498928,3
5,0.04277911186218262,0.0008953831573858898,0.0018117427825927734,5.322579305705547e-05,0.2022325322159645,4,127,"OrderedDict([('colsample_bytree', 0.2022325322159645), ('max_depth', 4), ('n_estimators', 127)])",0.5090909090909091,0.29885057471264365,0.4727272727272728,0.4680851063829787,0.44680851063829785,0.43911247471042036,0.07293693011099575,4
