,mean_fit_time,std_fit_time,mean_score_time,std_score_time,param_colsample_bytree,param_max_depth,param_n_estimators,params,split0_test_score,split1_test_score,split2_test_score,split3_test_score,split4_test_score,mean_test_score,std_test_score,rank_test_score
0,0.022180652618408202,0.01310591558424304,0.00098114013671875,7.910172268732065e-05,0.5973406467310975,4,68,"OrderedDict([('colsample_bytree', 0.5973406467310975), ('max_depth', 4), ('n_estimators', 68)])",-0.46744233542928776,-0.4192031647432444,-0.5420969586276025,-0.43473327849474525,-0.6297955935824147,-0.4986542661754589,0.07804853629290387,5
1,0.012995004653930664,0.000201319213836779,0.0009466171264648438,2.262771938980145e-05,0.7074830752070929,4,55,"OrderedDict([('colsample_bytree', 0.7074830752070929), ('max_depth', 4), ('n_estimators', 55)])",-0.44375325705770496,-0.4561170777106283,-0.5171680698856475,-0.4362653997574599,-0.5680152904470512,-0.48426381897169846,0.0506639746166166,1
2,0.015160131454467773,8.212561821372887e-05,0.0009449481964111328,3.857963296159512e-06,0.6739311419582499,4,65,"OrderedDict([('colsample_bytree', 0.6739311419582499), ('max_depth', 4), ('n_estimators', 65)])",-0.4406952173078433,-0.4648137602956984,-0.5226199267005979,-0.4408299996308267,-0.5943845854503199,-0.49266869787705725,0.059004387563740227,3
3,0.020900821685791014,0.00013008294216199776,0.0009716033935546875,5.962180844187377e-06,0.33519199468946703,4,96,"OrderedDict([('colsample_bytree', 0.33519199468946703), ('max_depth', 4), ('n_estimators', 96)])",-0.4875958906691287,-0.47756002899415645,-0.5588525961194765,-0.4205766018801502,-0.6392815850516053,-0.5167733405429035,0.07539463327795712,6
4,0.015271472930908202,0.00014002730522614783,0.0009527206420898438,8.540578146834607e-06,0.7542978746027771,4,64,"OrderedDict([('colsample_bytree', 0.7542978746027771), ('max_depth', 4), ('n_estimators', 64)])",-0.49151435026208706,-0.4289494973503081,-0.522384825586938,-0.4035151783103112,-0.6038745289884575,-0.4900476760996204,0.07102852304360645,2
5,0.022184276580810548,0.00031858198900002854,0.0009649753570556641,3.450403693223103e-06,0.6222302831499773,3,130,"OrderedDict([('colsample_bytree', 0.6222302831499773), ('max_depth', 3), ('n_estimators', 130)])",-0.4428349556629592,-0.4522469761479451,-0.5114984650933216,-0.4291035142350745,-0.64719875395524,-0.4965765330189081,0.08039352276086864,4
