,mean_fit_time,std_fit_time,mean_score_time,std_score_time,param_colsample_bytree,param_max_depth,param_n_estimators,params,split0_test_score,split1_test_score,split2_test_score,split3_test_score,split4_test_score,mean_test_score,std_test_score,rank_test_score
0,0.04109821319580078,0.01254812529215893,0.001695108413696289,9.295113326910953e-05,0.5756318160453838,4,72,"{'colsample_bytree': 0.5756318160453838, 'max_depth': 4, 'n_estimators': 72}",0.5090909090909091,0.3440860215053763,0.4482758620689655,0.4375,0.46,0.4397905585330502,0.05375419156497391,4
1,0.06411285400390625,0.0009786349314396575,0.0017698287963867187,2.5148086126479352e-05,0.5107131882359732,5,113,"{'colsample_bytree': 0.5107131882359732, 'max_depth': 5, 'n_estimators': 113}",0.5137614678899082,0.40425531914893614,0.45454545454545453,0.4536082474226804,0.4044943820224719,0.44613297420589026,0.040466709886485035,1
2,0.01583833694458008,0.00022946622868461451,0.001562023162841797,2.3070542730894827e-05,0.23913953001137644,3,50,"{'colsample_bytree': 0.23913953001137644, 'max_depth': 3, 'n_estimators': 50}",0.39175257731958757,0.4130434782608695,0.45714285714285713,0.4130434782608696,0.4044943820224719,0.41589535460133115,0.022047579158971334,5
3,0.04733362197875977,0.0005030038672072536,0.00174102783203125,6.196105775036779e-05,0.5602470087056683,4,100,"{'colsample_bytree': 0.5602470087056683, 'max_depth': 4, 'n_estimators': 100}",0.4955752212389381,0.3440860215053763,0.4672897196261682,0.44210526315789467,0.4516129032258064,0.44013382575083676,0.0513264598259746,3
4,0.044542694091796876,0.0003860663868246484,0.0017948627471923828,5.489230403181059e-05,0.25803364769135745,4,123,"{'colsample_bytree': 0.25803364769135745, 'max_depth': 4, 'n_estimators': 123}",0.49056603773584895,0.3829787234042553,0.46846846846846857,0.4731182795698926,0.38636363636363635,0.4402990291084203,0.0460261593175344,2
