,mean_fit_time,std_fit_time,mean_score_time,std_score_time,param_colsample_bytree,param_max_depth,param_n_estimators,params,split0_test_score,split1_test_score,split2_test_score,split3_test_score,split4_test_score,mean_test_score,std_test_score,rank_test_score
0,0.05393681526184082,0.016102506067425654,0.0016071319580078125,0.00011771538221314383,0.7837721596496658,4,94,"OrderedDict([('colsample_bytree', 0.7837721596496658), ('max_depth', 4), ('n_estimators', 94)])",0.5045045045045046,0.35789473684210527,0.4324324324324324,0.48000000000000004,0.40816326530612246,0.43659898781703294,0.05199060814245857,2
1,0.05378108024597168,0.0003058594407125913,0.0015841960906982423,1.0591368019131097e-05,0.6122612541115634,5,102,"OrderedDict([('colsample_bytree', 0.6122612541115634), ('max_depth', 5), ('n_estimators', 102)])",0.5045045045045046,0.3516483516483516,0.4716981132075472,0.45098039215686275,0.3829787234042554,0.43236201698430426,0.05666024412677744,3
2,0.03684310913085938,0.00019162271802503192,0.0015405178070068359,1.3506028463656048e-05,0.6307135236409291,3,107,"OrderedDict([('colsample_bytree', 0.6307135236409291), ('max_depth', 3), ('n_estimators', 107)])",0.47787610619469023,0.38775510204081637,0.4629629629629629,0.46,0.46464646464646464,0.4506481271689868,0.032037358223830574,1
3,0.05721292495727539,0.00031494755349656373,0.001612234115600586,3.967886888280195e-05,0.6140993816471623,5,109,"OrderedDict([('colsample_bytree', 0.6140993816471623), ('max_depth', 5), ('n_estimators', 109)])",0.4909090909090909,0.3516483516483516,0.4672897196261682,0.45098039215686275,0.3655913978494624,0.4252837904379872,0.05606577042629198,4
