,mean_fit_time,std_fit_time,mean_score_time,std_score_time,param_colsample_bytree,param_max_depth,param_n_estimators,params,split0_test_score,split1_test_score,split2_test_score,split3_test_score,split4_test_score,mean_test_score,std_test_score,rank_test_score
0,0.01915607452392578,0.013404374038992927,0.0009753704071044922,7.405190488773499e-05,0.5318811050833346,3,66,"OrderedDict([('colsample_bytree', 0.5318811050833346), ('max_depth', 3), ('n_estimators', 66)])",-0.4603581899033206,-0.45359862113097155,-0.5142330304998723,-0.4001857569344966,-0.5936531990246194,-0.48440575949865605,0.06549052351006855,1
1,0.04562144279479981,0.0006234487181444425,0.0011870861053466797,0.00012337289539801028,0.28035854418846373,5,144,"OrderedDict([('colsample_bytree', 0.28035854418846373), ('max_depth', 5), ('n_estimators', 144)])",-0.482467913985652,-0.49027906383162395,-0.5534729212705392,-0.4261537145837293,-0.6686529073883976,-0.5242053042119884,0.0827391288684811,5
2,0.0292050838470459,0.0002046999218396089,0.0010241985321044922,1.293398268015709e-05,0.5615154526090387,5,88,"OrderedDict([('colsample_bytree', 0.5615154526090387), ('max_depth', 5), ('n_estimators', 88)])",-0.45567827482974654,-0.4510861702070365,-0.5489289018497285,-0.4662859641805135,-0.6636102591785451,-0.5171179140491141,0.08147497004116895,2
3,0.034439468383789064,0.0007739474655437499,0.0010832786560058595,3.006631277493441e-05,0.686245943300492,4,138,"OrderedDict([('colsample_bytree', 0.686245943300492), ('max_depth', 4), ('n_estimators', 138)])",-0.4534755796390413,-0.47675312196036473,-0.5523930585491014,-0.4563885986502852,-0.6734639602726615,-0.5224948638142908,0.08356025007584214,4
4,0.01808485984802246,0.000344683170447567,0.0010476112365722656,8.59250768252192e-05,0.2441260065161847,3,102,"OrderedDict([('colsample_bytree', 0.2441260065161847), ('max_depth', 3), ('n_estimators', 102)])",-0.4906598902955341,-0.4792209999689812,-0.5723191025201301,-0.4652127394685314,-0.5867428255072732,-0.51883111155209,0.050419191865262676,3
5,0.0293212890625,0.0005539040385610684,0.001047801971435547,3.964923192212564e-06,0.2022325322159645,4,127,"OrderedDict([('colsample_bytree', 0.2022325322159645), ('max_depth', 4), ('n_estimators', 127)])",-0.4833251711126578,-0.5737667600628819,-0.6165238516597641,-0.4493903254503641,-0.6686798705437886,-0.5583371957658912,0.08160329484741821,6
