,mean_fit_time,std_fit_time,mean_score_time,std_score_time,param_colsample_bytree,param_max_depth,param_n_estimators,params,split0_test_score,split1_test_score,split2_test_score,split3_test_score,split4_test_score,mean_test_score,std_test_score,rank_test_score
0,0.024795055389404297,0.013158169421697294,0.0009882926940917968,9.204234395314492e-05,0.32903916670980116,5,61,"OrderedDict([('colsample_bytree', 0.32903916670980116), ('max_depth', 5), ('n_estimators', 61)])",-0.46084628261461713,-0.4891314931413881,-0.5338542049381393,-0.4105953756258736,-0.6507495243364939,-0.5090353761313023,0.08137279773537459,1
1,0.021398019790649415,0.00014500157757586842,0.0009617328643798829,2.1881786506027694e-05,0.3684311574555813,3,130,"OrderedDict([('colsample_bytree', 0.3684311574555813), ('max_depth', 3), ('n_estimators', 130)])",-0.5038192191311595,-0.4834700105370748,-0.5983922156420788,-0.4713706415058618,-0.6304042360423217,-0.5374912645716993,0.06444499272249973,5
2,0.02814793586730957,0.00010541574414987625,0.0009869575500488282,7.43865966796875e-06,0.3685154161572499,5,94,"OrderedDict([('colsample_bytree', 0.3685154161572499), ('max_depth', 5), ('n_estimators', 94)])",-0.5444479701232198,-0.4313554613808186,-0.5603143565665607,-0.4406958570015023,-0.62297455162777,-0.5199576393399743,0.07344889546217567,3
3,0.025190114974975586,0.0002713574231626122,0.000983285903930664,9.321404203974673e-06,0.6477750099243618,4,111,"OrderedDict([('colsample_bytree', 0.6477750099243618), ('max_depth', 4), ('n_estimators', 111)])",-0.44872496802255707,-0.4757310700964347,-0.547574447964192,-0.45556680101245556,-0.6466115920734541,-0.5148417758338187,0.07463151414130974,2
4,0.02842545509338379,0.0016669611079273353,0.0009942054748535156,4.813457959478336e-06,0.3084527961902981,4,129,"OrderedDict([('colsample_bytree', 0.3084527961902981), ('max_depth', 4), ('n_estimators', 129)])",-0.493821621115583,-0.47374940273374516,-0.5798251072821465,-0.43178511502212674,-0.6617225472970782,-0.5281807586901359,0.08238445364281122,4
