,mean_fit_time,std_fit_time,mean_score_time,std_score_time,param_colsample_bytree,param_max_depth,param_n_estimators,params,split0_test_score,split1_test_score,split2_test_score,split3_test_score,split4_test_score,mean_test_score,std_test_score,rank_test_score
0,0.040236377716064455,0.014641183510214517,0.0010449886322021484,7.760999008782035e-05,0.7434221523247408,5,106,"OrderedDict([('colsample_bytree', 0.7434221523247408), ('max_depth', 5), ('n_estimators', 106)])",-0.42082388869419235,-0.4344011237315378,-0.4685050433623031,-0.4463696042189557,-0.6870756000688498,-0.4914350520151677,0.09906635078132468,1
1,0.02582406997680664,0.00022398838651683083,0.0010017871856689454,2.6081902866510325e-05,0.6728168863696333,4,113,"OrderedDict([('colsample_bytree', 0.6728168863696333), ('max_depth', 4), ('n_estimators', 113)])",-0.45099265657611715,-0.4751285801754001,-0.5470298850346734,-0.4543979716673314,-0.6572075529135746,-0.5169513292734192,0.07821654451633737,2
