,mean_fit_time,std_fit_time,mean_score_time,std_score_time,param_colsample_bytree,param_max_depth,param_n_estimators,params,split0_test_score,split1_test_score,split2_test_score,split3_test_score,split4_test_score,mean_test_score,std_test_score,rank_test_score
0,0.05670676231384277,0.014036247532618592,0.0016027450561523437,9.229288824901441e-05,0.7290074791933276,4,105,"OrderedDict([('colsample_bytree', 0.7290074791933276), ('max_depth', 4), ('n_estimators', 105)])",0.48275862068965514,0.43478260869565216,0.4778761061946903,0.46464646464646464,0.47524752475247517,0.4670622649957875,0.01719375190591399,1
1,0.03017735481262207,0.00030785587034021797,0.0015059947967529298,1.1542611440342097e-05,0.48313262161380316,5,58,"OrderedDict([('colsample_bytree', 0.48313262161380316), ('max_depth', 5), ('n_estimators', 58)])",0.49523809523809526,0.39175257731958757,0.41904761904761906,0.48484848484848475,0.41237113402061853,0.440651582094881,0.041450407141036615,5
2,0.038533258438110354,0.0001357992043061405,0.001547384262084961,7.1293135299676715e-06,0.37799886496822444,4,102,"OrderedDict([('colsample_bytree', 0.37799886496822444), ('max_depth', 4), ('n_estimators', 102)])",0.5272727272727272,0.38775510204081637,0.45283018867924524,0.4375,0.4842105263157895,0.4579137088617157,0.04661971222806493,2
3,0.04635162353515625,0.005344590741772514,0.0016947746276855468,0.00011745812710078689,0.22153925260491636,4,143,"OrderedDict([('colsample_bytree', 0.22153925260491636), ('max_depth', 4), ('n_estimators', 143)])",0.5233644859813084,0.3956043956043956,0.47706422018348627,0.4375,0.3736263736263736,0.44143189507911273,0.05421405775403007,4
4,0.019278717041015626,7.480333430669848e-05,0.0014986991882324219,1.4282845010979703e-05,0.28624857377012153,3,72,"OrderedDict([('colsample_bytree', 0.28624857377012153), ('max_depth', 3), ('n_estimators', 72)])",0.41176470588235287,0.3695652173913043,0.42592592592592593,0.4680851063829787,0.42696629213483145,0.4204614495434787,0.0316425219210935,6
5,0.05022506713867188,0.00028402569870784167,0.0015775680541992188,2.1537737351420075e-05,0.5686982099626319,4,121,"OrderedDict([('colsample_bytree', 0.5686982099626319), ('max_depth', 4), ('n_estimators', 121)])",0.49541284403669733,0.3736263736263736,0.46846846846846857,0.4536082474226804,0.4285714285714285,0.4439374724251297,0.04129109699797974,3
