,mean_fit_time,std_fit_time,mean_score_time,std_score_time,param_colsample_bytree,param_max_depth,param_n_estimators,params,split0_test_score,split1_test_score,split2_test_score,split3_test_score,split4_test_score,mean_test_score,std_test_score,rank_test_score
0,0.01873493194580078,0.01213059216744641,0.0009562969207763672,8.170309373111411e-05,0.45124821141395305,3,75,"{'colsample_bytree': 0.45124821141395305, 'max_depth': 3, 'n_estimators': 75}",-0.48708474688686937,-0.45360274518027305,-0.5723919186590036,-0.4265624859323007,-0.5745916095668564,-0.5028467012450607,0.060789073122131804,3
1,0.03658246994018555,0.00032158793774047633,0.00099639892578125,6.451238451113801e-06,0.8981479958677949,5,117,"{'colsample_bytree': 0.8981479958677949, 'max_depth': 5, 'n_estimators': 117}",-0.46812586900435865,-0.4280893444710107,-0.47437198234876227,-0.4087477895140554,-0.7090300709173475,-0.49767301125110686,0.10847797931116111,2
2,0.023578977584838866,0.001845089522980216,0.0009858131408691407,4.0470639093481035e-05,0.5510418891730231,5,74,"{'colsample_bytree': 0.5510418891730231, 'max_depth': 5, 'n_estimators': 74}",-0.4536839175266231,-0.44534294346091546,-0.5434436815123169,-0.46290512185612115,-0.6720845893493683,-0.515492050741069,0.0858009842411748,4
3,0.011512565612792968,0.00012767749221566813,0.0009350299835205079,9.65568754044697e-06,0.7964821776812234,3,63,"{'colsample_bytree': 0.7964821776812234, 'max_depth': 3, 'n_estimators': 63}",-0.47678277748640535,-0.42021360608946295,-0.5475442646244013,-0.4171295037135832,-0.5607667906721508,-0.48448738851720075,0.060864245007125305,1
