,mean_fit_time,std_fit_time,mean_score_time,std_score_time,param_colsample_bytree,param_max_depth,param_n_estimators,params,split0_test_score,split1_test_score,split2_test_score,split3_test_score,split4_test_score,mean_test_score,std_test_score,rank_test_score
0,0.030225849151611327,0.012349840221276685,0.0016943931579589844,0.00012859250557465082,0.5318811050833346,3,66,"OrderedDict([('colsample_bytree', 0.5318811050833346), ('max_depth', 3), ('n_estimators', 66)])",0.4339622641509434,0.3191489361702127,0.41509433962264153,0.5,0.425531914893617,0.418747490967483,0.05798742206300616,5
1,0.061249732971191406,0.0009698783635962416,0.001939105987548828,0.0001957141738448513,0.28035854418846373,5,144,"OrderedDict([('colsample_bytree', 0.28035854418846373), ('max_depth', 5), ('n_estimators', 144)])",0.5504587155963303,0.3595505617977528,0.46846846846846857,0.43564356435643564,0.4301075268817204,0.4488457674201415,0.061982731796597315,2
2,0.05020294189453125,0.00029616365492620653,0.0017656803131103516,4.794867335832884e-05,0.5615154526090387,5,88,"OrderedDict([('colsample_bytree', 0.5615154526090387), ('max_depth', 5), ('n_estimators', 88)])",0.48598130841121495,0.4166666666666667,0.45454545454545453,0.4130434782608696,0.3913043478260869,0.4323082511420585,0.033682045715877504,4
3,0.06760506629943848,0.0006472525372198469,0.0018445491790771485,8.472063896855161e-05,0.686245943300492,4,138,"OrderedDict([('colsample_bytree', 0.686245943300492), ('max_depth', 4), ('n_estimators', 138)])",0.4955752212389381,0.3829787234042553,0.4821428571428571,0.47524752475247517,0.42424242424242425,0.45203735015618995,0.042147957980303276,1
4,0.028939580917358397,0.0004022172900392333,0.0016681194305419923,2.7736023481162788e-05,0.2441260065161847,3,102,"OrderedDict([('colsample_bytree', 0.2441260065161847), ('max_depth', 3), ('n_estimators', 102)])",0.47058823529411764,0.39583333333333337,0.5043478260869565,0.44210526315789467,0.4086021505376344,0.44429536168198736,0.03981201760498928,3
