,mean_fit_time,std_fit_time,mean_score_time,std_score_time,param_colsample_bytree,param_max_depth,param_n_estimators,params,split0_test_score,split1_test_score,split2_test_score,split3_test_score,split4_test_score,mean_test_score,std_test_score,rank_test_score
0,0.03697137832641602,0.014825796451723857,0.0014528751373291016,0.00011810366035262214,0.39270203501532736,5,55,"{'colsample_bytree': 0.39270203501532736, 'max_depth': 5, 'n_estimators': 55}",0.8966461974492206,0.7656429721647112,0.6337655733536741,0.6071867396945848,0.6399383641512576,0.7086359693626896,0.10882511437550024,3
1,0.05542564392089844,0.00027835505421894903,0.0015468597412109375,1.3455766710055793e-05,0.37372555499451077,4,136,"{'colsample_bytree': 0.37372555499451077, 'max_depth': 4, 'n_estimators': 136}",0.9145145360072142,0.7431561996779389,0.6560824176900327,0.5645600706035839,0.6599811676082862,0.7076588783174113,0.11786423299753238,4
2,0.05542349815368652,0.0005070487781344131,0.0015759944915771484,1.3390042495601207e-05,0.4764620640198645,5,106,"{'colsample_bytree': 0.4764620640198645, 'max_depth': 5, 'n_estimators': 106}",0.9030122076099086,0.7527908343125734,0.6477495236217886,0.5842019742715299,0.6466051857792033,0.7068719451190008,0.1120312560917785,5
3,0.0442415714263916,0.00025752454129036336,0.0014696121215820312,1.3899619132340075e-05,0.8225342528767525,4,105,"{'colsample_bytree': 0.8225342528767525, 'max_depth': 4, 'n_estimators': 105}",0.9127484437357353,0.7893168821747109,0.651670956146378,0.60305752086574,0.6415928123245197,0.7196773230494168,0.11528084043247903,2
4,0.05884032249450684,0.0004384454376153835,0.0015905380249023437,1.4370451175400203e-05,0.797129694947011,4,140,"{'colsample_bytree': 0.797129694947011, 'max_depth': 4, 'n_estimators': 140}",0.9127484437357353,0.7805908352637324,0.6685125101391401,0.5955481057613882,0.6415928123245197,0.7197985414449032,0.11411391819027712,1
5,0.024115610122680663,0.00016204393005028338,0.001367044448852539,2.9486662959283688e-05,0.5856841515938315,3,74,"{'colsample_bytree': 0.5856841515938315, 'max_depth': 3, 'n_estimators': 74}",0.842160282838249,0.754278037655252,0.6809701300572087,0.5820809723248748,0.6489201315987415,0.7016819108948653,0.08946249857995354,6
