,mean_fit_time,std_fit_time,mean_score_time,std_score_time,param_colsample_bytree,param_max_depth,param_n_estimators,params,split0_test_score,split1_test_score,split2_test_score,split3_test_score,split4_test_score,mean_test_score,std_test_score,rank_test_score
0,0.02417616844177246,0.011674983188600567,0.0010784626007080077,0.00010351832695996334,0.5756318160453838,4,72,"{'colsample_bytree': 0.5756318160453838, 'max_depth': 4, 'n_estimators': 72}",-0.4683502183792028,-0.4225198436004905,-0.5473905393731648,-0.4355795538983533,-0.6380279906860821,-0.5023736291874588,0.08052862353919958,2
1,0.0369473934173584,0.000466874268909486,0.00106658935546875,1.3367268852829225e-05,0.5107131882359732,5,113,"{'colsample_bytree': 0.5107131882359732, 'max_depth': 5, 'n_estimators': 113}",-0.47274301406836616,-0.4335911869064278,-0.538478707970036,-0.4098154011792238,-0.6961274952188654,-0.5101511610685838,0.10268175163650684,3
2,0.009701347351074219,0.0003324404434172145,0.0009521007537841797,1.290159574800623e-05,0.23913953001137644,3,50,"{'colsample_bytree': 0.23913953001137644, 'max_depth': 3, 'n_estimators': 50}",-0.46844238953237927,-0.4634373734938167,-0.5521389881304869,-0.41762253562241836,-0.5584668357506881,-0.4920216245059579,0.054657712467840826,1
3,0.025043964385986328,0.0005128081586376393,0.0010256767272949219,1.1856860610066661e-05,0.5602470087056683,4,100,"{'colsample_bytree': 0.5602470087056683, 'max_depth': 4, 'n_estimators': 100}",-0.47220796379095004,-0.4329852567470338,-0.5616868352702608,-0.4364497306902855,-0.6587806183325725,-0.5124220809662206,0.0866568170951611,4
4,0.02770390510559082,0.00033152772035272606,0.0010260581970214845,7.0912595539174285e-06,0.25803364769135745,4,123,"{'colsample_bytree': 0.25803364769135745, 'max_depth': 4, 'n_estimators': 123}",-0.48282577768069673,-0.5715752233719372,-0.6130250135411464,-0.4485038955290881,-0.665418005826887,-0.5562695831899511,0.08046894514601376,6
5,0.03237662315368652,0.00048500332138488373,0.0010676860809326171,5.1011637138569534e-05,0.6296819621531882,4,133,"{'colsample_bytree': 0.6296819621531882, 'max_depth': 4, 'n_estimators': 133}",-0.4852809035633075,-0.4377073436573278,-0.5614388835289063,-0.46419307589873376,-0.6634476086386348,-0.5224135630573821,0.0816788599113178,5
