,mean_fit_time,std_fit_time,mean_score_time,std_score_time,param_colsample_bytree,param_max_depth,param_n_estimators,params,split0_test_score,split1_test_score,split2_test_score,split3_test_score,split4_test_score,mean_test_score,std_test_score,rank_test_score
0,0.02181215286254883,0.015179842795113883,0.0009638786315917969,9.055744018258787e-05,0.37351654851468596,3,85,"OrderedDict([('colsample_bytree', 0.37351654851468596), ('max_depth', 3), ('n_estimators', 85)])",-0.48851767020636255,-0.4527003101968819,-0.5788517006957098,-0.4317083879786557,-0.583456476954521,-0.5070469092064261,0.06319355730908505,2
1,0.02126164436340332,0.00017541512436307214,0.0009593963623046875,2.954582461413458e-05,0.7171889371020901,3,127,"OrderedDict([('colsample_bytree', 0.7171889371020901), ('max_depth', 3), ('n_estimators', 127)])",-0.4479868363283022,-0.45084654612421543,-0.5397409086155951,-0.4245725684197503,-0.6344448219836686,-0.4995183362943063,0.07805679808195755,1
2,0.02551093101501465,0.00021580174758542908,0.0009915828704833984,5.94040355773828e-06,0.24625387501325527,4,123,"OrderedDict([('colsample_bytree', 0.24625387501325527), ('max_depth', 4), ('n_estimators', 123)])",-0.48282577768069673,-0.5715752233719372,-0.6130250135411464,-0.4485038955290881,-0.665418005826887,-0.5562695831899511,0.08046894514601376,3
