,mean_fit_time,std_fit_time,mean_score_time,std_score_time,param_colsample_bytree,param_max_depth,param_n_estimators,params,split0_test_score,split1_test_score,split2_test_score,split3_test_score,split4_test_score,mean_test_score,std_test_score,rank_test_score
0,0.028820133209228514,0.010762688332690265,0.001479339599609375,0.0001281590148051909,0.5318811050833346,3,66,"OrderedDict([('colsample_bytree', 0.5318811050833346), ('max_depth', 3), ('n_estimators', 66)])",0.8622152759944863,0.7470182046453232,0.6950431034482758,0.5805215126194488,0.6489201315987415,0.7067436456612551,0.09508517894611435,3
1,0.07021155357360839,0.0014211159722327823,0.001948976516723633,0.0001662739170340747,0.28035854418846373,5,144,"OrderedDict([('colsample_bytree', 0.28035854418846373), ('max_depth', 5), ('n_estimators', 144)])",0.8378289418862389,0.6750796937132341,0.655054204287206,0.5495160665892374,0.6261843238587425,0.6687326460669317,0.09470363729894406,4
2,0.054072999954223634,0.0005989689058939608,0.001774168014526367,0.0001584429211077839,0.5615154526090387,5,88,"OrderedDict([('colsample_bytree', 0.5615154526090387), ('max_depth', 5), ('n_estimators', 88)])",0.904716292647327,0.7799687010954616,0.6499766245909303,0.588361348894547,0.6622686954877639,0.717058332543206,0.11246154714616473,2
3,0.06533651351928711,0.0006652635681629888,0.0017865657806396484,5.1733777180172364e-05,0.686245943300492,4,138,"OrderedDict([('colsample_bytree', 0.686245943300492), ('max_depth', 4), ('n_estimators', 138)])",0.9127484437357353,0.7893168821747109,0.651670956146378,0.60305752086574,0.6415928123245197,0.7196773230494168,0.11528084043247903,1
