,mean_fit_time,std_fit_time,mean_score_time,std_score_time,param_colsample_bytree,param_max_depth,param_n_estimators,params,split0_test_score,split1_test_score,split2_test_score,split3_test_score,split4_test_score,mean_test_score,std_test_score,rank_test_score
0,0.029882192611694336,0.014511104878409878,0.0010135173797607422,9.095560988141065e-05,0.6843370488385498,4,100,"OrderedDict([('colsample_bytree', 0.6843370488385498), ('max_depth', 4), ('n_estimators', 100)])",-0.44670092259351035,-0.47287007381355695,-0.5379327676486816,-0.4520009781839534,-0.6466222753195563,-0.5112254035118518,0.07508351177710763,1
